Date,QQQ,SPY,EEM,EWZ,XLF,BAC,JPM,BRK-B,NU,VALE,VIST,MELI,IEF,EMB,AAAU,BTC-USD,GGAL
2024-01-01,,,,,,,,,,,,,,,,,
2024-01-02,,,,,,,,,,,,,,,,0.017900939051301412,
2024-01-03,-0.010581500223482032,-0.00816659725440283,-0.00553596429208314,0.0017458049717893331,-0.008474472363452112,-0.01091451602057203,-0.004358287869435151,0.011835812630519138,-0.004920044439111093,-0.005728883122364303,0.056471434494081985,-0.019069314870846954,0.002395135370481194,-0.0038557171021093017,-0.008337424295375429,-0.04692812036242189,-0.010613069758354077
2024-01-04,-0.005146467931006815,-0.003221160155183922,-0.0032894708068091916,-0.01045611688216852,0.004006450881586243,0.008052561448247397,0.0066360805488541175,-0.00837084478314587,0.01854136164413922,-0.012163818491856881,-0.021248382442387692,0.012920003255208368,-0.006025181231269716,-0.004553732665562027,0.0009891423562247148,0.03108057856532498,-0.032181174554985925
2024-01-05,0.001185978599018478,0.0013697203270663927,0.0012693265869947457,0.011447017784110836,0.004256501014730629,0.018639024787734604,0.005017126714132125,0.00525187995098797,0.040048535542771546,-0.008425171515960228,0.010515650546292443,0.012801242025937576,-0.0036582169416589094,-0.003087882800704822,0.0,-0.0003900067727314882,0.015394101258017878
2024-01-06,,,,,,,,,,,,,,,,-0.003928567037593367,
2024-01-07,,,,,,,,,,,,,,,,-0.0010479313368322307,
2024-01-08,0.02066800718531181,0.014275917147605233,0.002789036800618927,0.0020313577414925454,0.0063575367036470265,-0.007842067204483327,-0.001451069946637018,0.007084428906246387,0.0373396335931957,-0.0019608007361749946,0.02148369822019225,0.02389479057551136,0.003356752851248146,0.0012619903166826152,-0.007905130890387913,0.06889378335779228,0.0066706600412385075
2024-01-09,0.0019755102127316793,-0.001517030701243094,-0.014159198010935348,-0.014190449605792965,-0.006317373768046086,-0.01551520391363681,-0.007906053478669794,-0.003476557131728897,0.004499433105542128,-0.022265887194130363,-0.031219216346109246,-0.0014343804269129068,-0.00041821080919002274,-0.0038953848276412906,0.0,-0.017687130611972357,-0.06686741060932833
2024-01-10,0.006777564391545088,0.005655384111332928,-0.0023083653813757987,-0.0014689219231358575,0.0015893586251654046,-0.0008920814010398015,0.0021094750687069563,0.0027801023391071933,0.016797269138203008,-0.010716652470087129,-0.005766624115796981,0.01577540067536143,-0.0015688852659906383,0.007131255932082414,-0.001991982486588051,0.010577584004972662,0.038734645080503505
2024-01-11,0.0020808654911859126,-0.00044059364563897585,0.004113167804725926,0.005001496124509952,-0.003702754724208668,-0.013392705701440022,-0.004210069101606484,-0.012448404334338692,-0.0011013468024076989,0.007447497840972872,0.012282518488950345,-0.004054650554489725,0.005342657434428633,0.009022406184890253,0.0019959584007662734,-0.005558733892443213,-0.01926667410668803
2024-01-12,0.0005129590481827151,0.0006926758661729426,0.0035841807509591206,0.0052692657312003455,-0.0018582068258041762,-0.010558156995377543,-0.007340097984071647,0.0007706247099659169,0.02094824040248211,-0.007392442640369201,0.041456000642854374,0.04203099874737748,0.002709183616027122,0.0018109424827594811,0.009960197395386228,-0.07581464687080208,0.012674243078070413
2024-01-13,,,,,,,,,,,,,,,,-0.0002516769882185965,
2024-01-14,,,,,,,,,,,,,,,,-0.0244177193838242,
2024-01-15,,,,,,,,,,,,,,,,0.01712351907901466,
2024-01-16,-9.773479043484468e-05,-0.003671271141685306,-0.024234688128394133,-0.026208574781299676,-0.006914936025811058,-0.020731733785474216,-0.006270300794593897,-0.006930281743334099,-0.009719238700144017,-0.031144215455058855,-0.011650443606706196,0.008495272018203659,-0.00810559131289812,-0.009264526869786294,-0.009368862308901882,0.015124600939588229,-0.018773329175633013
2024-01-17,-0.005640731759359974,-0.005558624653899447,-0.014902017412900648,-0.005980760177444311,-0.0018746291271055648,-0.009962588969962272,-0.005357460917349455,-0.005012455076156663,-0.008724091934619316,-0.01747032647914082,0.017354248965572472,-0.02235349092535066,-0.0032476992455940934,-0.003763339296892654,-0.010950687490470346,-0.009553782672285682,0.036989716152920016
2024-01-18,0.014194169073520113,0.008892845903104352,0.008227240148703574,-0.009927812813118941,0.0016099315551345583,-0.0022012273365424884,0.001975008012754298,0.008600284629134869,-0.004400435773550537,-0.0014224625603047603,-0.00032186124815125616,0.016327448934452704,-0.002207355459447946,0.0010304485157976995,0.008052332191963885,-0.034639725632667706,0.02521519208828149
2024-01-19,0.019830936763034934,0.012466183705273526,0.010529030765601854,0.0015192991766317387,0.01607281829841911,0.01544276789541743,0.017261933579182376,0.012721412024521817,0.0132596555834259,-0.01709401331937188,0.016097875357282465,0.038634617559827555,0.00010532506018878784,0.00045721377710949973,0.002995479974315929,0.00863620644230223,0.031193840660357797
2024-01-20,,,,,,,,,,,,,,,,0.0011336255217606617,
2024-01-21,,,,,,,,,,,,,,,,-0.0028752933279206916,
2024-01-22,0.001306013607953016,0.0021142882940099472,-0.00885649660014709,-0.018810682839969894,0.004745550448861158,0.01024202124576945,-0.0011742884796465125,0.0029156308147135768,-0.027262813295530264,-0.013043437887720555,0.0009505921151198304,0.01744310211734046,0.003054682360454697,0.0006859147163975621,-0.0039820768092800884,-0.049064374667218136,0.05759155479086542
2024-01-23,0.004149489773225712,0.002916520642041176,0.00867286973110426,0.018552865183739664,0.0015743451094873961,0.006758969756823774,-0.006583929261234411,0.011085195666215242,0.003363198734820605,0.03010271246806595,0.005064889099058778,0.002055449098217199,-0.002520495676654355,-0.005139974565708694,0.003498235583385023,0.008560013431039293,0.01155123982809969
2024-01-24,0.005549234775484413,0.0010931117062320528,0.011203757690830374,-0.0003035591729839693,0.003929928803396265,0.006408210943175785,0.00893540527195058,0.011957815645428527,0.005586613608986157,0.009978676731695169,0.013228288785679165,0.001585261142901473,-0.0028423105743795585,-0.0027553979887432467,-0.00747010055279862,0.005810521700930993,0.03317012229761129
2024-01-25,0.0012211436788611696,0.005438900945859304,0.0012882961800537718,0.007895473572550049,0.0049581215178244875,0.012431789996109943,0.014310809236778965,0.011312063004994766,0.03666665818956161,-0.02258294034841135,0.023002851121736834,-0.013558690081009517,0.0043285631104750255,0.007137915702347453,0.0040140452825421225,-0.0035747525934159974,0.06947371404941749
2024-01-26,-0.005957514536322539,-0.0012703903297327512,0.0007719633964808903,0.005423382771335694,0.0036354495756822924,0.0011980300718015258,-0.0038163100138430828,0.011946928502167387,0.018220801466675374,0.023104712697015195,0.008204207201930602,0.03278122751285606,-0.0017869263755222464,0.0014860918645662746,-0.0009995231151873618,0.04715459322091098,0.04724404908294466
2024-01-27,,,,,,,,,,,,,,,,0.007250269707417489,
2024-01-28,,,,,,,,,,,,,,,,-0.002005242826170095,
2024-01-29,0.01024044111111766,0.007919291372547654,0.0005142782080165276,-0.007192013681169285,0.0025873150190547367,0.005384393393176756,0.0026120264254407832,-0.005760252350443529,-0.013684222572728166,-0.012702999667000281,-0.003918055060866177,-0.010229421214892565,0.006002456093656683,0.0037667753343131327,0.0070034712982194325,0.029799801358818767,0.0
2024-01-30,-0.006656559689626418,-0.0007734103357569522,-0.007967066785375843,-0.008149746567835958,0.012645216276170768,0.03510852262856212,0.020494511154871553,0.010360669389286814,-0.06296693274214349,-0.007147826392708501,-0.003328309013339248,-0.023702763883649336,0.001360871948129505,0.0022741416295479766,0.0019871295178841564,-0.007753530092744043,0.010338366565131318
2024-01-31,-0.019586140079290937,-0.01631731882391807,-0.005440440545029235,0.0018258490968789953,-0.012232558724894926,-0.02242019639182735,-0.010835801360848385,-0.00880796517078375,-0.01936219606653866,-0.01439894327545621,-0.005464490366730912,-0.013536558274310106,0.008362850165805735,-0.0018153471027789747,-0.0009915943325741194,-0.00861423582021903,0.0051162892092671
2024-02-01,0.011775403931902018,0.013088257397228187,0.009637910984194864,0.01123947079545684,0.0015481427811085968,-0.013525441700356966,-0.003613177925035127,0.007036045957530268,0.04645767574385218,0.0021913990418385154,0.003968286775820173,0.02130491669916057,0.006193942277698428,0.008412048841749398,0.009925596363561606,0.011581441842771323,0.010180492076776515
2024-02-02,0.016900530104019262,0.010527345197592242,-0.002837868303764979,-0.01862433165983679,0.0041215355050356894,-0.0023845172996063146,0.005756037395205915,0.0111530833541158,0.039955565763833745,-0.031341095299698196,-0.02037087812036209,0.014082409399305051,-0.013013864778457895,-0.008036222067504872,-0.009336635405207572,0.0025556346111748063,0.003206619807252453
2024-02-03,,,,,,,,,,,,,,,,-0.0044831659668692625,
2024-02-04,,,,,,,,,,,,,,,,-0.009505619472114146,
2024-02-05,-0.001305324381789097,-0.003641182275034738,0.0012936293054888193,0.00030612824602394006,-0.005900475233028835,-0.014341184650263572,-0.0013162709826231023,2.56168026231407e-05,-0.010672297653869567,-0.011286698741899581,-0.024518959826100972,0.001043474285330248,-0.009732184497848184,-0.008443573552861405,-0.005456379523022803,0.0017632602500394778,-0.051598213291726314
2024-02-06,-0.0020072228259843117,0.0029032898218241954,0.02273903629680385,0.02692778561085296,0.002064490563182364,0.001515606573390782,0.003438365074802885,0.007626114224271285,0.011866197545343349,0.020547960827156375,0.01654471691742354,-0.036264254318389866,0.005389538115642578,0.009090865349392852,0.00548631493951568,0.009986338686479135,-0.005296011606113038
2024-02-07,0.010290190128175336,0.0083403573216565,0.001263233283290477,-0.00506557977234301,0.007468521393529048,0.004237347005622949,0.0018845720043156877,0.009955842751458777,0.01918979775902807,0.005965644600876674,0.00907671075437766,0.002034612245713552,-0.0017868822352988811,-0.0013685689763441866,-0.0004960431030518464,0.028630850081180936,-0.06485974512573567
2024-02-08,0.0018519260861407094,0.0004417021774518748,-0.005551330275171518,-0.02036536404638678,-0.0038342958522481485,-0.0018084772738596877,-0.0035910516854938956,-0.0004275346430837601,0.008368192488977133,-0.016308233527119853,-0.025124110766781338,0.011062659940086927,-0.0032641055224974513,-0.0012561206942528491,-0.0009925785678566168,0.022188248784866804,-0.06055893400954193
2024-02-09,0.009843054308462662,0.005779465997642896,0.0043136371615080105,0.0067258023750498275,0.002822586992556886,-0.001509657792890362,0.0012013312711842694,0.0021887220774403637,0.0259336090348965,-0.0007536117213606808,-0.0159083676469981,0.005441996012354178,-0.0017959430466738535,0.00034295183024157794,-0.003974164284217929,0.040741037427910465,0.04683189164779833
2024-02-10,,,,,,,,,,,,,,,,0.013236801662479536,
2024-02-11,,,,,,,,,,,,,,,,0.010940478338881565,
2024-02-12,-0.003912520169735423,-0.00043897014972249515,0.007832201628219071,0.00880660711829373,0.004605904154268092,0.016631460992163616,0.004456822288281481,-0.0016316746670997917,-0.0010111454534567077,0.012820437882706148,-0.004203073612433217,-0.005182940115861179,0.0009524894335914968,0.0009144350804746182,-0.0024937276290828425,0.034461993507690414,0.013157960222958565
2024-02-13,-0.015597076166010582,-0.013773064431818027,-0.018801725568180272,-0.028597247259471548,-0.013499639881849435,-0.025877590909264447,-0.0087035303819325,-0.007316898555811302,0.004048579088026694,-0.020104259470127506,0.0,-0.015572076722949135,-0.01099601587045318,-0.012332829551728097,-0.013500022888183638,-0.004319233922406296,0.0062338267569619354
2024-02-14,0.010897222898872405,0.009087667513635322,0.014307616803485912,0.008676739524169585,0.009553261024079607,0.011603165652995129,0.010157151560141298,0.00982777356327369,0.04536288364961938,0.006838963417631572,0.03571429898433687,0.023519554759292793,0.003741689413977234,0.006821577697583958,-0.0015204652809370778,0.041900916949929146,0.024780509258212735
2024-02-15,0.002977718720369893,0.006899739528947624,0.004785912508921797,0.007680512472411305,0.01713557160064516,0.028373068921792477,0.021814591234645908,0.011964532002811445,0.008678896198757169,-0.0015094985943896466,0.033542370375180264,0.01457878972307447,0.0027692482259309426,0.008153424294154998,0.007614193539142278,0.0021583350882306007,0.015113238216986957
2024-02-16,-0.009067673198377535,-0.004979997475483944,0.0047631166493680155,0.00945122103225704,-0.0035202703915351297,0.0005871164589228428,-0.0046701363860418565,0.006295644938635769,-0.009560265880022123,0.03023436270955715,0.019411567059529178,-0.001721342811363047,-0.004354815869369144,-0.006834600774123789,0.003526432920855971,0.004267512618200353,0.02034750116786932
2024-02-17,,,,,,,,,,,,,,,,-0.009532306269177337,
2024-02-18,,,,,,,,,,,,,,,,0.008895163192163213,
2024-02-19,,,,,,,,,,,,,,,,-0.006588364620277343,
2024-02-20,-0.007548092511594939,-0.005505383336135261,0.001496930956120135,0.017517342271201386,-0.0027756770817919385,-0.003813561256162168,0.003909997379862862,0.0028572223207761205,-0.009652454740281646,-0.019075627563369002,0.03689371738326064,-0.016265459274032334,0.0017068348466269256,-0.00011464111855707948,0.006526062262484977,0.009767068832988945,0.010213982202244676
2024-02-21,-0.004001750662810388,0.0009057553103828386,0.001743968572011756,0.0,0.0030364484126421676,-0.007655976707777623,0.006509798304330294,0.005157819317196166,-0.016569207846155454,0.004487696862337742,0.03385940765684747,-0.0012873433036610926,-0.0031948310430209848,-0.0008028513166780105,0.0,-0.008524364120598982,0.0004815095864945107
2024-02-22,0.02927564504868263,0.020695493177543378,0.010196371447829256,-0.005936378880232351,0.011604368950937971,-0.0026705695729836165,0.01199559086737545,0.01444105965084752,0.026759117939171295,0.005956837570467721,0.002775528509754599,0.04615683320347297,0.00010689410215758421,0.006313768244177398,0.0,-0.010305082651198116,0.03512991929766862
2024-02-23,-0.0029447514697346078,0.0006897365106981468,-0.0004923751821348521,-0.011048232472244401,0.004987613949309022,0.009223234165654848,0.005025480239085001,0.004961936459250804,-0.013513455047096001,-0.002960743641870711,-0.012178312438372751,-0.10377453888741017,0.004593452005088983,0.00558972599182983,0.00548631493951568,-0.011168964874795462,0.020920394926534414
2024-02-24,,,,,,,,,,,,,,,,0.016540904827679226,
2024-02-25,,,,,,,,,,,,,,,,0.003143945229742817,
2024-02-26,-0.0005266371749849119,-0.0036625526135570796,-0.004433465007111614,0.005132995408954288,-0.00496286111398847,-0.009138943549273137,-0.0034242332586852386,-0.019366249337580133,0.04892367778238449,-0.022271747728945024,0.00504343827688114,-0.011777884049082532,-0.001488767962078863,-0.0028359788776494144,-0.001984077801659545,0.053914352844811164,0.03278692668022143
2024-02-27,0.0024053426409187395,0.0018577336672067624,0.0019792458567735594,0.023730877235637715,0.002743144376024853,0.0199344638441743,0.0004909053787292006,-0.0005621815957692622,0.03917911061865609,0.034168616398082774,-0.0072483504119118525,-0.0016707119725766217,-0.002236356776345705,-0.0009101696401477843,-0.0009940584954982734,0.04700762695380023,-0.04717810137746947
2024-02-28,-0.005324511840369306,-0.0013215925421052876,-0.013086365096906083,-0.02142034783306479,0.0037305491871182372,0.0008751661504979857,0.005069494582545797,0.007899075487028506,-0.0062837204974138805,-0.01835546238061958,0.012636920955531927,-0.017387866539774643,0.0036289907769229135,0.002049814683026119,0.001990000369133549,0.09493531994124749,0.006015736670185623
2024-02-29,0.00856935716512841,0.0035949518794879953,0.0005003822297520166,-0.010194895409611937,-0.0004956534490502262,0.013207966254837222,0.009111553815727813,-0.006648276446271306,0.0009033630675265858,0.0029918236729333803,0.020521293277532493,0.01000959720637673,0.0020208695545274047,0.00340901063206811,0.004965262388296088,-0.020900898468654838,0.012419553456616272
2024-03-01,0.015056938972564105,0.00938821223439712,0.012252993203891283,0.005755871382152167,-0.0012393177229799157,-0.004924664098249765,-0.0041384735416846175,-0.005593572494045795,0.017148062758656213,0.005965644600876674,0.019836944493769382,0.010938350553360454,0.004564955617934352,0.005869244469238755,0.01926874476574625,0.020298739001094468,0.012721489170851807
2024-03-02,,,,,,,,,,,,,,,,-0.006578811548619723,
2024-03-03,,,,,,,,,,,,,,,,0.01833832389535761,
2024-03-04,-0.0035680843398404605,-0.001072376042447698,-0.0022233037262896493,-0.006325235387751982,0.0024818068342813415,0.023289755242663412,0.007501745775968072,-0.009137507889698693,-0.011535058488073346,-0.003706455013987253,-0.024780184796829974,-0.03265852980642536,-0.002224656745671849,-0.0009046679801895108,0.015996119104727757,0.08173591649219114,-0.02602072055180782
2024-03-05,-0.017949725747562373,-0.0099941522138155,-0.008913126379525682,-0.004243805132676748,0.00024769045131822764,0.006827862346848734,0.010017210907982799,-0.0065693852545458675,-0.0035906607379059263,-0.015624978374251142,-0.0005463563907125435,-0.021018100299878495,0.006157808311172186,0.0021504986313676255,0.005725231129532604,-0.06628402455760396,-0.026255131306430424
2024-03-06,0.006283765071715797,0.0050672314538005025,0.014489143529368809,0.009132505266261637,0.005198110455191696,0.0008475720526295305,0.005197544832468148,0.008035138242180162,0.013513478682458668,0.018140664492964476,0.029524274529711958,-0.0011131305768425914,0.002426890987837993,0.003727196933929422,0.008538913938674009,0.03613733749494208,0.08136232841538726
2024-03-07,0.015178139667858748,0.00992642550841838,0.006156157775153437,-0.0015083590957357673,-0.0014776163871106363,0.005928961522169596,-0.008758450142571483,-0.0038864660853801247,0.02311113145616317,0.0014846911175776523,-0.030801907915881777,0.002851339929729191,0.0016843379611286569,0.0027007434490819993,0.005174064401096468,0.012384196927533564,0.00262474248738509
2024-03-08,-0.014434890005452838,-0.006002200613414388,-0.0009789661406878203,-0.02326273690546543,0.0017262306469829625,-0.0008419713274394613,0.0018629256958779816,0.0018886632878076792,-0.038227673788705174,-0.022238653477366976,0.002465757605147667,-0.011399101974042258,0.0007356843415642356,0.0011220951464405715,0.008890904035911973,0.020539401213709896,-0.014397933112259453
2024-03-09,,,,,,,,,,,,,,,,0.0029105240064184468,
2024-03-10,,,,,,,,,,,,,,,,0.007604594828588107,
2024-03-11,-0.0037127502367898524,-0.0008598313555446824,0.0022047852242221833,-0.006495629611685261,0.0017233508916802975,0.008145987131267463,0.0003718923313953404,0.003993590210878306,0.04336047959739964,-0.027293398569787297,0.003006302538749228,0.023021452091942063,-0.0012602226420601603,-0.0015693485380995353,0.00185533007969374,0.04497430707429584,-0.03585653527481647
2024-03-12,0.014334893966673867,0.010757412403144206,0.010999768091884521,0.013387322155250736,0.004177985619832958,0.0019504035024386912,0.008232027323100244,0.0005435349723172944,-0.012121241645957626,-0.0055383546707269415,0.051226186077186764,-0.0011373780190278016,-0.004100604959220822,-0.0013472954221673827,-0.01111110031850071,-0.008909905479502545,0.04637280367268959
2024-03-13,-0.007686073718412567,-0.0015675691013216086,-0.003143130812748862,0.0039938543793962555,0.007342123385102539,0.0033371937472681523,0.008112058445361336,0.007778146602378078,0.015775662364851506,0.005732972631476541,0.03032654518962552,0.0032738530575391334,-0.002216894452928053,0.001011790654879663,0.006086102858236853,0.022414410239567806,0.06625704316633585
2024-03-14,-0.0025212313578385492,-0.0019767323633101963,-0.005093402965749894,-0.008567882456683384,-0.008017404851199172,-0.010809430535161035,-0.017817985592073704,-0.0034302645719134217,0.0025884152352226852,-0.013843591742697003,-0.010565991671580233,0.006868236220091806,-0.007406698561438274,-0.00505401627655766,-0.0032573148240929717,-0.0230819028918976,-0.03868301206125935
2024-03-15,-0.01188682308335165,-0.006866611829806302,-0.006094532580832146,-0.00956790251085915,-0.0009797068023288391,-0.007845332522866899,0.012395661642333966,0.0034420717888246077,-0.0008606049036423702,-0.012386420653213492,0.03610470640314323,-0.03955754545531309,-0.0017055379120758385,-0.0031605752571475243,-0.003267959597333947,-0.027911980219644583,0.020547879506390476
2024-03-16,,,,,,,,,,,,,,,,-0.05891115205258901,
2024-03-17,,,,,,,,,,,,,,,,0.04708722796395115,
2024-03-18,0.009537427760832662,0.0059430896042553805,0.0017169254899183084,-0.0031163053285413467,0.0057336136862147224,0.016944376565459107,0.012401530873888067,0.0006860529143826177,0.01550390271305968,0.013377836542079136,0.027239278781633347,0.0063621042876473854,-0.0011745969637654285,0.000566308126410453,0.0018734898109615816,-0.0123120859035869,0.03942949649109151
2024-03-19,0.0024914444710628647,0.005557202249323767,-0.004897133762694295,0.0028134731365052623,0.004893629347405781,0.0005553551328192352,0.005865212305066203,0.00820255643465373,0.005089094131538019,0.0074257698407096395,0.01648348343641337,0.0068850549961503305,0.0028864391076688367,0.004639996060221474,-0.001402467515328354,-0.08343356981432348,-0.016545520610038555
2024-03-20,0.01185668378987037,0.009249365328373838,0.011318865869657913,0.023067294605523703,0.011930790725951379,0.019983403272600286,0.013106997479028992,0.010564346907834699,0.02362866868840241,0.013923037671205174,0.01034083312093248,0.006186506065756436,0.0023451042492299567,0.004731293732900488,0.01170411951574768,0.09692504638897836,0.03980295026307745
2024-03-21,0.004732237297476516,0.003304646022659563,0.0012166086804066278,-0.00822672517433376,0.008180976817344199,0.020680235555095905,0.013905072337742519,-0.005599448833935261,0.009068397002427897,0.0,0.006513113941959192,0.017562319265725712,0.00010637261432067113,0.003475904204929048,-0.0004627593058487145,-0.03566706353999505,0.024467145960965775
2024-03-22,0.0011438486077717247,-0.0018958769645361917,-0.007047438621356261,-0.012903151997332718,-0.011455942493243776,-0.012263407711629037,-0.012257576263417835,-0.005268482483958836,0.0008170121788264595,-0.0161550408453357,0.004391001264130834,0.010477697640309147,0.0048916257871480795,0.0032402474878230336,-0.007870373763501637,-0.02615044343853401,0.004622620846106873
2024-03-23,,,,,,,,,,,,,,,,0.004444134671348854,
2024-03-24,,,,,,,,,,,,,,,,0.04951388799118828,
2024-03-25,-0.0036291573737723404,-0.0027627808812499266,0.0007341776031084546,0.0037347881002625094,-0.0038628078676709032,-0.005128144174825433,-0.009154634212253931,-0.004081614798029709,-0.006530606016820761,-0.0016420961214085317,-0.020938791223703346,-0.01394413710105391,-0.0026455118046886383,-0.0007797805714617745,0.003266434616303382,0.04052464020923141,0.002683989781432805
2024-03-26,-0.003237705905225985,-0.0018469566573747764,-0.0007336389817992339,0.0003099928208007974,0.0033931800843878257,0.0062398842004258714,0.00467089572485313,0.00402516062264735,0.004930112207579773,-0.011513091279891863,-0.01363097595198659,-0.008135107310319412,0.0014853270335388746,-0.00011144663776530006,0.002790672834529495,0.00041486463910467286,-0.018737951290807242
2024-03-27,0.0034060595975848873,0.00840375331185017,0.0017131437437962749,0.007749556516000622,0.011835690193676474,0.01941229250084242,0.01936345147245455,0.013023265194686884,-0.022894500691043485,0.012479163547026717,0.006433177267349821,-0.009632729891975056,0.003813983505804641,0.004124510538878745,0.006957310864836641,-0.007608353371227561,0.01909576683971026
2024-03-28,-0.0018433682643671512,-0.0001911263375614647,0.00366489154396632,-0.0027684108198263724,0.005490541803560234,0.0029090922465448976,0.0039094024732726496,0.008610549495013942,-0.0016735986952777226,0.0016433642069864085,-0.02035986212543106,-0.007020696355143241,-0.0009498319686161993,-0.0045514865663656146,0.012897314530324833,0.018567460837021654,-0.02791578271142736
2024-03-29,,,,,,,,,,,,,,,,-0.01204502883045766,
2024-03-30,,,,,,,,,,,,,,,,-0.0035414711944022903,
2024-03-31,,,,,,,,,,,,,,,,0.02424203264779501,
2024-04-01,0.0021170773412955146,-0.0017397230580705747,0.0017039690398250595,-0.018198596229665243,-0.005460560368585554,-0.010548462385473578,-0.006789812033828779,-0.0007609074835922547,-0.009220503565606664,-0.00656275309654486,-0.0016916310540686652,0.011237063595149976,-0.00904823550314271,-0.004299963656727135,0.010459278973636632,-0.022871394296192005,0.014555400277753261
2024-04-02,-0.008630241672770267,-0.006358185549296014,0.0031590775314391806,0.005655045504926903,-0.005251882436083655,-0.0058635670506490545,-0.00040219537953767315,-0.0030461654976493557,0.0033840916147014344,0.013212214695998092,0.0038731503774667164,-0.010752439210746867,-0.002138319340292516,0.0004497207455862462,0.014851482173886543,-0.061047985989492126,-0.033734035686347696
2024-04-03,0.00224438060015264,0.001098559230099383,0.0007268008535885606,0.00249927506619807,-0.00047993103308963114,0.003753350151363355,-0.0028160319474588302,0.003150904144779698,0.004215867806262041,-0.015484925005863626,0.010851143838827237,-0.004978498818690058,0.0011787664580189539,0.002135916763789769,0.008869213734196357,0.008156830210526378,0.04735150720280923
2024-04-04,-0.015290671264276412,-0.01220610904385011,-0.0036310860463812933,0.0,-0.01128448686214334,-0.013888870259836095,-0.007608431721241371,-0.011707555264819702,-0.010075557270905922,-0.013245026606550803,-0.014790051502055368,-0.01140873772264539,0.0034245724168056046,-0.0004485604998606396,-0.005274762164105384,0.038314642609167615,-0.011494247441684036
2024-04-05,0.011783923850194222,0.01044695779348137,0.002186572665163311,-0.008725532121951929,0.009470619750860054,0.005146305491289915,0.009200084962705635,0.007945650907187352,0.016115316454457185,-0.010067067599331403,0.028087163894453093,0.009349252634118121,-0.0066126195220023165,0.001570929646229624,0.016350015596768852,-0.009797320875087778,0.06085278501210545
2024-04-06,,,,,,,,,,,,,,,,0.015602971156545964,
2024-04-07,,,,,,,,,,,,,,,,0.006770270726916605,
2024-04-08,0.00029513151142146477,0.000559191816180471,0.006545499105713448,0.022320061756095688,0.004329954577501516,0.01050930796165428,0.005216492124247019,-0.006330308937447016,0.000834743678126193,0.05932202253421215,0.031559118734835856,-0.008749976629987222,-0.002254765671321879,0.0003362187434237107,0.006521722544794439,0.03270935878474601,0.013153065121653595
2024-04-09,0.0036994834534052057,0.0011568327789337474,0.006743646516581325,0.014452695872732235,-0.005748413222887883,0.006133287019496558,-0.006700957920815376,-0.0030771420427929685,-0.014178488702180525,0.0,-0.015981752856907838,0.004319589071976715,0.003981544662471803,0.006720362391380075,0.005615596987361249,-0.03479403115822832,0.03353769690151309
2024-04-10,-0.008728451751539024,-0.010013077093112499,-0.013636324373915598,-0.027584106260862273,-0.014936226302755262,-0.02862431098627638,-0.008521362760299467,-0.013455875610679069,-0.021150592762660625,-0.028000074053339596,0.006496580137056451,-0.011377856773207573,-0.013290444318219796,-0.01579874279522442,-0.009450223978271999,0.0209558550176423,0.006629507321887607
2024-04-11,0.015968201291644446,0.007546788872455634,0.006063583831722452,-0.008104796509485368,-0.007092169914659552,-0.00818570093601756,-0.0002047047986216688,-0.00366649569482147,-0.0017285656540079186,0.0016461508282441528,-0.0009221049917572666,0.02000003964394459,-0.0014121139414042805,-0.002939358173072004,0.01864702147156838,-0.007469744331340511,0.031889057770143614
2024-04-12,-0.01594182599122851,-0.013802992286587545,-0.02290269028132541,-0.017284711544897635,-0.013300497227855979,-0.015405666686397534,-0.0646778430565903,-0.010671906337587966,-0.022510841955691197,-0.012325353445604037,-0.0023073021174210284,-0.042068004908852985,0.004133509230459076,-0.002834498091886739,-0.012771359726848841,-0.04088948430588779,-0.005374567282182663
2024-04-13,,,,,,,,,,,,,,,,-0.05021729270691988,
2024-04-14,,,,,,,,,,,,,,,,0.03004089104268326,
2024-04-15,-0.016451022186960484,-0.01252810393707604,-0.006414901365998982,-0.014710599693158466,-0.00499248100678229,0.004470474512067613,0.000547093630539619,-0.007439368961339898,-0.030115159764100285,-0.0016639542939137497,-0.03630905292733455,-0.019568746436615214,-0.006391448988437132,-0.011597383735538758,0.018973635902370445,-0.03517737178558533,-0.06788242149291468
2024-04-16,9.280845265591253e-05,-0.0018237849241450332,-0.013161201734160799,-0.023693593476864394,-0.0067737101552133305,-0.03532686160784948,-0.011427565768538317,-0.008344566672664588,-0.01004563092176236,-0.02750001730680418,0.012239072681566654,-0.012712941730884775,-0.003924997813047337,-0.0031058262092533706,0.001269601680533139,0.006080330797783695,0.006159411654297786
2024-04-17,-0.01220136841067887,-0.005918217873387532,-0.0007549657288473677,0.0029919900500183783,0.0025258264688476917,0.015859248018192718,-0.003982378523622931,0.0020658489844325167,-0.004612563656000157,0.015424220729827187,-0.02062586357492302,-1.4321351746948707e-05,0.006348492474273826,0.007846617697595537,-0.007185125840672435,-0.03972884891052719,-0.00324099438166936
2024-04-18,-0.005706273853560928,-0.0020578204539536404,0.004029268102059502,-0.001988709833312008,0.0035274027889375947,0.0153278882566672,0.006497100265027589,0.005405602823079336,-0.012048203419881442,-0.0008439127037738192,0.0,-0.019751610061731983,-0.0034804447379499504,-0.0008015172311873764,0.0034057013403814285,0.03649124077498622,0.0126446013693986
2024-04-19,-0.0206893101664416,-0.008728343980351827,-0.004013098253277225,0.02092325946074558,0.013808723528784483,0.033547685628057655,0.025103496347924192,0.01297849842134946,-0.016885582340742666,0.02871626447001674,0.015008446169784584,-0.010085711577494938,0.0013097040089287137,0.002864793746502947,0.002969864053056881,0.005208661031110617,0.01534055552153446
2024-04-20,,,,,,,,,,,,,,,,0.018026421268684478,
2024-04-21,,,,,,,,,,,,,,,,-0.0010431180502996629,
2024-04-22,0.01005680222685279,0.009209136572898347,0.010828512933490186,0.008783380978669264,0.012134660165073141,0.02055717163611437,0.01942947559326247,0.00913402866021662,0.012404591614435967,0.0016419337305737525,0.038874339524248125,0.008699251926429952,0.00010904863196459225,0.005370176811297256,-0.02453468437736195,0.029433758205850147,0.08995094647190482
2024-04-23,0.014922799923524854,0.011866639757879938,0.008221292722325746,0.004837098800522854,0.006361699342274596,0.016962653249818604,0.014413123446259224,-9.787304917396877e-05,0.02921775962750428,0.0008197021640721225,0.014003599091443553,0.019565438496004006,0.001307848308897741,0.0013638665425339536,-0.002601884966692891,-0.006439574982440521,-0.015796308908453405
2024-04-24,0.0033877544407299176,-0.00047463300665340213,0.0034593057964442675,-0.005455676838485801,-0.00024325620532283931,-0.0013031440968901409,0.004892328520036848,-0.006825801472823745,-0.01373622870716873,0.013104006868454476,-0.017659017695981438,-0.017921146953404965,-0.0030478574492129873,-0.007150169631861658,-0.001739170240319332,-0.03208044676017341,-0.04782173135135559
2024-04-25,-0.004829870502775169,-0.0037988671209508995,0.0022162811158510376,-0.005808328282032593,-0.005836391289664178,-0.010699341811596708,0.00150192083561973,-0.0025619128307636796,0.009284997543646867,-0.02506058880631301,-0.015210874779813088,-0.004503681711906959,-0.0038214267027173454,-0.0028579162267493574,0.006097617708171077,0.0031863484195515657,0.014447776628968123
2024-04-26,0.015431655171722403,0.009473914575757192,0.011547835816543062,0.023693657426666404,-0.001467898741313478,-0.0021101876853445445,0.0006206240377093497,-0.006939807693510658,0.016559365875883136,0.018242051867765285,0.007254888289539796,0.030920309205777263,0.0027401344136892547,0.00435628583699077,0.00303028976918851,-0.011265004482557628,0.041030939563275304
2024-04-27,,,,,,,,,,,,,,,,-0.005272966802647994,
2024-04-28,,,,,,,,,,,,,,,,-0.004823625063903991,
2024-04-29,0.004060349089317183,0.0035414371774651343,0.00971585470300762,0.0066581420558979865,-0.0014698683116637357,-0.0074015302595396015,-0.0010853785373335922,-0.0028351520296769905,-0.0036199059875642314,0.017101040091467512,0.012081794765391729,0.023015636807654616,0.004044211688592814,0.004908215390027726,-0.002157929948032322,0.011533090916022948,0.018241040687617005
2024-04-30,-0.018856227147551863,-0.0158412133695347,-0.013952378721599157,-0.022677115572324325,-0.009813483832024628,-0.014380966822507113,-0.007967638402743948,-0.010549632279768018,-0.013624029889763523,-0.025620483464569133,-0.009412301067178164,0.014141081528586286,-0.004681105302969724,-0.010109146870246333,-0.019031164277077406,-0.050191249309274655,0.03742804082980089
2024-05-01,-0.007230492280047129,-0.003247124086365849,0.0009757676404227311,0.003867184831166881,0.0,-0.0016211532315454358,0.0006258194607873246,0.004663059346930121,0.001841662835723401,0.002465005679410881,-0.007879493408221028,-0.0015012966885278312,0.003960214527973571,0.004159580841064603,0.007936521285438536,-0.03929695449375714,-0.0018501883689279186
2024-05-02,0.012763326898599825,0.00935335006222382,0.025834835781389787,0.02022476145850538,0.0024776380688480426,-0.0018944514245342603,-0.001042380092897699,0.005068040542180574,0.007352934086817919,0.026229577564803597,-0.007942072919437382,0.033971603447278786,0.004698277171444998,0.008146863801582027,-0.0026247319199040886,0.014924669552331737,-0.014828562252838018
2024-05-03,0.020098501017540737,0.012395376537442937,0.009028307135832359,0.01667718771067661,0.0022244200951537785,0.010032594961800756,-0.006000322343347575,0.0006739615815236633,0.06569345479222655,0.0071884453426884765,0.017188592447707984,0.08271639862625402,0.005546481640207546,0.00819496470512715,-0.0008771294335191415,0.06370405294167747,0.07619942106638922
2024-05-04,,,,,,,,,,,,,,,,0.015926845790239064,
2024-05-05,,,,,,,,,,,,,,,,0.002185896653241981,
2024-05-06,0.010953336334163843,0.010326861516313679,0.0009417639338871187,0.00061901723893798,0.012823806128559934,0.011812032068148293,0.007821187493198378,0.010103071718707612,0.0273972334300725,-0.001586022485709715,0.05740739579717502,0.014283384944602018,0.0008652915084257362,0.002822255672741747,0.010535547141526713,-0.013574390387488533,0.07226107896293077
2024-05-07,0.00015900708384553042,0.0011033866121632485,-0.0056457188747705,0.005876812488477823,0.003408783980446639,0.003979863618106094,-0.0013021255239357155,0.003012943742581431,-0.0008333524068196985,0.007942788296052106,0.018607672251367946,0.021065977165171335,0.0025934629102417617,0.0007878778364895922,-0.0047784799376259235,-0.01309542885757653,-0.03125002094797458
2024-05-08,-0.0005904641225963347,9.667745479369216e-05,0.00023653226793562965,-0.00368999844654605,0.0036398943614515122,-0.003435487700825357,0.020338998879492864,0.0005662590743467089,0.0008340474622796634,-0.011032245404296148,-0.008811516401641017,0.01663424836132621,-0.002802351892230215,-0.0037119580166682375,-0.0026189203990396592,-0.018398626419713127,0.011220229188326325
2024-05-09,0.0021815007512102635,0.005761846831162432,0.0030748282707593333,-0.016975354062927273,0.007495104776827022,0.015115377976643307,0.009455651645331908,0.006029018472007763,-0.017500003178914425,0.0023903680476491385,0.0026019676791246837,-0.012453549387785534,0.003026430649103462,0.00338715994598493,0.015317303090881307,0.03043115176709965,-0.014979256017625286
2024-05-10,0.0023581770972469496,0.0012882151808188969,0.0021221252226868437,-0.0075353052145346044,0.003839817229570164,0.004440945256933615,0.006430385109470471,0.007900739716460103,-0.0025445066215654677,-0.011128790457555326,-0.019247473443759877,-0.0008434904390376419,-0.0032326832639669734,-0.0023630080758827443,0.008189595709517938,-0.035799920573900024,-0.015206930475607061
2024-05-11,,,,,,,,,,,,,,,,1.5356984674586016e-05,
2024-05-12,,,,,,,,,,,,,,,,0.010768936188532141,
2024-05-13,0.002307345033353725,0.00013419823980975742,0.007529426182548926,0.005378071937337525,-0.004064131104868585,-0.006241855969844057,-0.00020122860509275142,-0.0020142861226891684,-0.03231293427254034,0.010450225763576348,-0.007717717439854388,-0.009817178090772094,0.0011891669602468458,0.0010152043412858802,-0.010688328624353871,0.023646747788683697,-0.009150633091615346
2024-05-14,0.0064322640319001145,0.004588185772414821,0.0053712619411210305,0.005978519710807095,0.00504080807931695,0.007327921875399657,0.013988785481156674,-0.0023831792797504026,0.014938495130436769,-0.000795495376630595,0.034444427490234464,0.0039169569039403385,0.0029154506760769028,0.0022534095635080575,0.008210913529349995,-0.02144084393922019,0.023665225445901772
2024-05-15,0.01563028856704074,0.012383036095005684,0.010685220466151168,-0.010634962670118098,0.007403810183899573,0.010911820746058343,0.002977539787736516,0.006142793465381713,0.04675324267840297,0.0,0.02277124362328875,0.020541457155199394,0.007536624848408335,0.01045525094791766,0.012858947194239523,0.07659609250545496,0.03862410465437738
2024-05-16,-0.002031320837042605,-0.002057608636298669,0.0020685630849062164,0.002213169683319194,0.0,0.00796718652117745,0.001781204942370218,0.0008721420269539593,-0.03143094372580124,0.007961680627592838,-0.002940545848638343,0.012016307485634314,-0.001923542257187938,-0.0033377057171330993,-0.0038086436070926544,-0.01563225228621834,-0.0062431958127220355
2024-05-17,-0.00048678646977418083,0.00143764974065963,0.004357814774283542,0.0015772291273994377,0.007349487772086105,0.0017848030437683793,0.011458432531505913,0.009246725816636214,-0.004269871099229716,0.02606636829646436,0.0004213283600031925,0.005761446333317766,-0.003104957650924778,-0.001897807794152162,0.016142699489699153,0.02790508695432159,0.0016387159214301672
2024-05-18,,,,,,,,,,,,,,,,-0.0016564833198177142,
2024-05-19,,,,,,,,,,,,,,,,-0.009895869986810912,
2024-05-20,0.00697274348467114,0.0011520649119147741,-0.003653765321166458,-0.0028346161753581844,-0.013650214872199307,-0.011962369317972898,-0.04497286833538561,-0.009449806730789656,0.0008576525739882879,-0.005388729522565194,0.022952202865095472,0.02204470437674777,-0.0015035850497835401,0.00011187364481712869,0.004180617941085707,0.07800174241430358,0.016635039872184842
2024-05-21,0.0019564053198668496,0.00245246147063094,-0.0061884442639890125,-0.006948800314749093,0.006442286580685241,0.021380795972532507,0.020145216046934422,0.003317179460502473,0.029991463511701788,-0.003095935419365814,0.008851306592657204,-0.00875973125179752,0.0025815510063733615,0.0007827665557522678,-0.0012489877632708701,-0.018358253231772315,-0.029506495454367454
2024-05-22,-0.0001975014886481663,-0.0028792304482463393,-0.0032287386083275083,-0.01812976925822274,-0.005689902500732202,0.0027741903553457625,-0.006064535177646491,-0.0009170666005994255,-0.02662234911079786,-0.0178571812484547,-0.0573351898557225,-0.019914516955771955,-0.0012874518804889545,-0.0032405649861418917,-0.0179241479482406,-0.01446030042296964,-0.0718628355063583
2024-05-23,-0.004498361978833243,-0.007304238716650091,-0.007403993416026156,-0.007450670225236378,-0.013829223895112874,-0.014839113156653982,-0.0070092062924910215,-0.019589810243892947,-0.01111112107352108,-0.0055336429417321975,-0.020129876402984914,-0.016916364989932986,-0.003544973571383059,-0.0068386118519229155,-0.020373495463367974,-0.017255976976508713,-0.07712931506071097
2024-05-24,0.009456374196973316,0.006616451128016232,0.0027971520817702267,-0.006853714649421194,0.006044520277422416,0.013530873187721282,0.01924637568453713,0.00376958401717431,0.013828854937972368,0.0015898833608611884,-0.02098521655253327,-0.008100080782033614,0.0012936976736399597,0.003950941494497151,0.001299856444743508,0.008781729788116976,0.047757455359121126
2024-05-25,,,,,,,,,,,,,,,,0.010796524727518797,
2024-05-26,,,,,,,,,,,,,,,,-0.010796814497022966,
2024-05-27,,,,,,,,,,,,,,,,0.012791671360530277,
2024-05-28,0.0037776878269943914,0.0006988390154025748,-0.001394719565475322,-0.0009859236366629442,-0.011055068702397253,-0.009571771452513422,-0.006028655611798328,-0.008615423612759576,0.03836323789435214,-0.019047687818851355,0.036778002692666734,0.008520494676087287,-0.005598668952892627,-0.005959059124878263,0.009952381486883377,-0.015827408107827234,0.018478584785746488
2024-05-29,-0.007048375369819837,-0.0070025220161986645,-0.01489751870449052,-0.017105257870576818,-0.008019536972992847,-0.015259418864332908,-0.0069673973686064095,0.00047041952036996904,-0.03858786988938634,-0.018608376045589514,0.015233966296340773,0.0010889843978703073,-0.0048722931623135235,-0.003619655844119829,-0.009425848839598183,-0.01051485738366742,0.03326259100426365
2024-05-30,-0.010713364113150714,-0.0066338370167942085,-0.0028355781282007886,0.005020093959520855,0.005389642692056773,-0.002324336646711944,0.006158270273336708,0.011185599877836072,0.039282667519082715,-0.0016487834443651428,0.04201498435933293,-0.0057958161864638535,0.00500500998120379,0.006016648699701754,0.002162596680173934,0.011644282841286824,0.07930945258055888
2024-05-31,-0.0018602675577621408,0.009108208811386964,-0.009715638581011765,-0.014319039903525788,0.0146198871487071,0.035205771240535366,0.016555455124963814,0.014170012365067874,-0.023829084637223663,-0.0049546009271890235,-0.00329150062545025,0.01507691733226868,0.004655126982054947,0.0048522195093543274,-0.005610667256734647,-0.012778150001159894,-0.027928461827623985
2024-06-01,,,,,,,,,,,,,,,,0.0031933460054698326,
2024-06-02,,,,,,,,,,,,,,,,0.0006596674454519835,
2024-06-03,0.005369332258316817,0.0008153679090012744,0.010528797435632287,-0.0006756908324709876,-0.006244059425087545,-0.0027507005225519965,-0.0039974261664644795,0.0009411550535276536,-0.010942770470422358,-0.019087179020845668,-0.03653251661282919,-0.018799442640965558,0.006549650953991293,0.00454403774710288,0.008246467845447913,0.015544720172089965,-0.006973421042974048
2024-06-04,0.002736527477610773,0.0011178464547243472,-0.013971078256283853,-0.011156137297615332,-0.004591622666557549,-0.0050150157945778595,-0.013180121338808415,-0.012681139027617916,-0.0289361831989694,-0.023688611042921415,-0.07904881325161095,-0.03690775109780298,0.0054762504850054405,0.0006735193677311901,-0.0086095075132131,0.025622992224831664,-0.0662921068028014
2024-06-05,0.0201597797512838,0.011885157530906687,0.01609029129983952,-0.0034188126304898203,0.0029134228813576524,0.007056351709527009,-0.009540067928743845,0.0007814014240046241,0.02629274274731097,-0.011265148381314649,-0.008839289445889298,-0.015791248652053724,0.0036310046370426896,0.0026920901250575557,0.011723775178678286,0.007298724608017615,0.00030074735997254187
2024-06-06,-0.00034516306495024907,-1.8724522300672675e-05,0.004963389408597418,0.021269300172743755,-0.0004842064401689994,-0.006506449559452121,-0.0017742873581713114,0.0030010502633477376,0.0367207774359517,0.018404887769049694,-0.004459104404708536,0.01008781927843816,-0.00042565570984554046,-0.0023493195496402386,0.007296140852380173,-0.004581363662391591,-0.0523307528028083
2024-06-07,-0.0008848394209668431,-0.0012156233447011555,-0.011288781643385537,-0.033926770873147105,0.00460153796057039,0.008109505323386168,0.015438539989601319,0.006422143462762264,-0.020593080142498055,-0.02323579961180333,0.009665338986495575,-0.012911024114589442,-0.010538745821767503,-0.007849274170073084,-0.03536429262841023,-0.01999201273457618,0.005077715495141577
2024-06-08,,,,,,,,,,,,,,,,-0.0005308786729295578,
2024-06-09,,,,,,,,,,,,,,,,0.00493781012787653,
2024-06-10,0.004039221299647622,0.0030896838741458765,0.005946662948669967,-0.005215591268531217,-0.0038572203902088598,-0.0027652993443779694,-0.00170038759788671,-0.007033751458772275,-0.005887354623824392,0.004405273292845457,0.03642300938363818,0.0010748741790733707,-0.002151613581431455,-0.00022596656606754806,0.00883395619837768,-0.0019485261992140401,0.053537310337508526
2024-06-11,0.006862685316604722,0.0024083620752917145,-0.0033333188011532844,0.005560414526041502,-0.011374702874387133,-0.020418331898939712,-0.026301288669102196,-0.005623031504398246,-0.013536366458805515,-0.001754363440117368,-0.02297815885984289,-0.013658953739430157,0.005282994679294717,0.003843527734521901,0.0030647852170127,-0.03136496113771259,-0.027828237459937233
2024-06-12,0.01309775409239422,0.008213071092176838,0.010033400927410563,-0.021903073680294538,-0.0009790357443550946,0.014153340818809923,-0.014560651895798915,0.0006609278180462752,-0.006861057011403826,-0.02284715393670045,0.015448512800170011,0.012240484696400378,0.005577027496017406,0.003941431405708462,0.0026189203990396592,0.013502581655740586,0.05600501067677732
2024-06-13,0.005420217251541404,0.0020133683757304066,-0.002365148462824873,0.0018355780040129055,-0.0007352083123183251,-0.003806150264166308,0.01112105986735945,-0.006972076381669412,0.0034542281620522086,0.017985647980653274,-0.00386017211872125,-0.011761062016473645,0.006612609489254018,0.0026920901250575557,-0.007836238711705135,-0.021757960505889518,0.03712439944871271
2024-06-14,0.005181294919222035,0.0006084808461574998,0.0011853778259554026,-0.0007328859323083581,-0.0031878696949072527,-0.0005094321723678741,0.0006195351748428113,-0.0009361570512466111,0.012048222435590672,-0.005300285287075823,-0.0059265632063700835,0.0010186363572470825,0.0023309800194935004,-0.00123055462445687,0.012724835301832993,-0.011164543099157487,-0.011647775077638367
2024-06-15,,,,,,,,,,,,,,,,0.0027253941690672523,
2024-06-16,,,,,,,,,,,,,,,,0.006768999939568809,
2024-06-17,0.012249810462108268,0.00795885124312501,0.006393569990301051,-0.010634430167190567,0.008856091910462105,0.00688069287559645,0.006192631187921016,0.004389206346578467,0.005952354886210376,-0.00888105566844577,-0.0270580208360669,-0.014480408792883148,-0.00465111837498644,-0.0030242131710084275,-0.005632545979043835,-0.0022321747830370553,-0.020695519622166647
2024-06-18,0.00030920768748377014,0.002540769117036712,0.009176456227022012,0.0029651565998294327,0.006339981954051721,0.012148913031119646,0.010360008534966658,0.0015467074326920294,-0.011834348624314761,0.0017921802842622014,0.0,0.009087847285397022,0.004354282339634086,0.006628369806291667,0.004792971649071109,-0.02029695827328193,0.02230705031016389
2024-06-19,,,,,,,,,,,,,,,,-0.0027701435671353414,
2024-06-20,-0.007707931198457918,-0.002716633309709282,-0.00163207497832496,0.002956390439206924,0.0053307814279028864,0.0,0.008477150272003131,0.002941491980748223,0.03336187829956838,0.009838915370749879,0.025689374139715282,0.007391638936286027,-0.0025377560922720255,-0.003683011940737946,0.012575928978474149,-0.00202647819256907,-0.05254096519004181
2024-06-21,-0.002679331650271899,-0.001340570324585566,-0.003503071624193388,0.01179070383274472,-0.0038563828801687627,-0.012503125229231471,-0.011929281999778496,0.0011487259628850666,0.01407285408672343,-0.003542912904048068,-0.019761043228531117,0.009476173481655081,0.0002119972605698628,0.0012322088869567427,-0.015845860093733677,-0.011298352821403679,-0.007430380381257762
2024-06-22,,,,,,,,,,,,,,,,0.0024397531859308152,
2024-06-23,,,,,,,,,,,,,,,,-0.01668075089399379,
2024-06-24,-0.01138465190555249,-0.0032507410637226952,0.0,0.01930082681412748,0.0102752010311844,0.013421081723474781,0.013143070778620425,0.01064405039088312,-0.03183676272022484,0.0026665883703200777,0.02742620693454012,-0.01074345361206197,0.0008479729787789214,0.0004475560799226397,0.004351626782495455,-0.04595356431233677,0.0043668461710761886
2024-06-25,0.011435607376319545,0.003850960963603267,-0.002343531249407671,-0.013933526003485852,-0.007453716783064501,-0.015991961661122378,-0.004072722654953509,-0.007270906047984083,0.05396293101597438,-0.015957330221030852,0.052703569748816514,0.037539671540888,0.000847090998750577,-0.00011183896577160457,-0.005632545979043835,0.025336630415439876,0.013664463213644451
2024-06-26,0.002065116645558085,0.0012480898561768594,-0.0021141685044182568,-0.008695643760907257,-0.006298436311698907,-0.009649618519779524,-0.003231269970388695,-0.0017275992237127946,0.014400024414062518,0.003603557049192352,-0.02210664220321834,0.02233476081197261,-0.006031068626474623,-0.0033551971583998252,-0.00871462990373495,-0.016072632592061153,-0.054227857527750944
2024-06-27,0.0025813244436951877,0.0015764890678278132,0.0007061859609260868,0.013888857905318464,-0.0012189329595272413,0.006410305635480951,0.008813286314126811,-0.005630569647559369,0.018927426288799065,0.0017953090260995896,0.0132979233825814,-0.010762583211914478,0.0022354591592674833,0.000897650046210341,0.01098901098901095,0.013048951973404943,0.024943278732419527
2024-06-28,-0.0051909196186367135,-0.003935187234301418,0.0018819532866027888,-0.014780095558579842,0.003417177597077936,0.013248414821179777,0.015514407508897543,-0.002819032674716171,-0.0023219607425727373,0.0008960901421311007,-0.005249380403737125,-0.010530492735894459,-0.005310720359631205,-0.007960521422721523,0.000434792560079833,-0.020853310881755127,-0.034134004239624316
2024-06-29,,,,,,,,,,,,,,,,0.009403861104374522,
2024-06-30,,,,,,,,,,,,,,,,0.029413551620566913,
2024-07-01,0.005865113862622451,0.0020581075939727356,0.002347933171233274,-0.006952086885767317,0.0021891827532221075,0.006034598778251077,0.015771740724950023,-0.003957682890545877,-0.04111719724817986,0.0026856865761091253,-0.03210200305997768,-0.027869081263068973,-0.007443853064390438,-0.003961385935286721,0.0026075386938533285,0.002771094932125795,-0.09456806047900923
2024-07-02,0.01049964186958352,0.006729700234487046,0.003045234769201821,0.0007369365590812471,0.01165053974871455,0.022994317708535217,0.01645174454239018,0.0047138469621683665,-0.0008090028709764052,-0.005357074266944206,0.03407541990916663,-0.0007010485317369142,0.003776794344875878,0.004900184124449369,-0.0004334732992683499,-0.013093697885290578,0.01590176098132967
2024-07-03,0.008337136290452518,0.004462683694427261,0.014712776100075153,0.0327687553257936,-0.0031190411694879128,-0.0007329230477703952,-0.000670408703884684,-0.003267052493007183,0.006477726415789364,0.04219025037916069,0.0017574256492296492,-0.0031569697861292267,0.006665288012519532,0.00782499813619597,0.011708606418765921,-0.02990687070088416,0.013874016590180283
2024-07-04,,,,,,,,,,,,,,,,-0.05311634426354228,
2024-07-05,0.010426803387142858,0.005766421356086626,0.004142699701154218,0.012121217890753933,-0.00024067692504448068,-0.011980482606384624,-0.013250508562340446,0.013308092171105734,0.03137565406865228,0.004306619594088401,0.005263194879337574,0.04242699820113027,0.0055531560994785956,0.006526341629123689,0.013287589668073085,-0.005534237213954074,-0.0014035396985789816
2024-07-06,,,,,,,,,,,,,,,,0.02896391234041995,
2024-07-07,,,,,,,,,,,,,,,,-0.042097439142912196,
2024-07-08,0.0023782662973328428,0.0011539352237679434,0.00022916161559560777,0.0,-0.0026480835080857634,0.005196670702598993,0.0018555594779454676,-0.005083120819159848,0.0015600981466283859,-0.015437364717696744,-0.00828972658923044,0.014943120778207808,0.00031858154449015963,-0.00022359003553606982,-0.012690323384353053,0.015326802715911692,0.0024596466842790043
2024-07-09,0.0008645709515957556,0.0009724486123754428,0.004124663329360123,0.014089522172542113,0.00772387696614274,0.01969475153214062,0.011990085396537342,0.0035200999527555954,0.024143260300499403,0.006968723959569489,-0.02067748890540677,0.022746873840014947,-0.0013802438068414302,-0.0031308741682278818,0.002142212370765728,0.02299844211812685,0.010515199052321123
2024-07-10,0.010426547384037255,0.00989535074814607,0.00570515750207834,0.00104198604872896,0.0038323838267386723,0.007725762543970394,0.0008188186622037907,0.00796555495167639,0.004562769684962609,-0.007785494880035104,0.050988329614174877,-0.01074300948023521,0.0009569244857849935,0.004711017665428141,0.00299271896754294,-0.004598069730556098,0.02358657803999753
2024-07-11,-0.02193018219980647,-0.008622633144081182,0.005899753529179375,0.004510793528515578,0.007874023660347174,0.001677120151419187,-0.001684393469113199,0.012059233261629831,0.0030280061875487263,-0.006974712968742969,0.001709724616202557,0.002993733931941689,0.006372716385382615,0.005805553042447453,0.017476631319738978,-0.006885432015347748,-0.017282252469110415
2024-07-12,0.005874842563264426,0.006307505989336271,0.004060376337553517,0.006908423154408094,0.0033144356962042654,-0.005261979523287552,-0.01209926678264206,0.01351545842353441,0.012075460182046083,0.011413503708861183,0.02389594137200013,0.030766947905022324,0.002110895667907231,0.0018871427254583129,0.0,0.009670444019596935,-0.01172418960984678
2024-07-13,,,,,,,,,,,,,,,,0.023013827240820017,
2024-07-14,,,,,,,,,,,,,,,,0.026266900915231206,
2024-07-15,0.002687828540255177,0.002750136112878554,-0.010559366967634376,-0.0006861220591906081,0.014629454925630503,0.007213290978382636,0.024934108134573973,0.023513360967209573,-0.005219962387824184,-0.0008680873011498447,-0.0014587102953341757,-0.009782980408671649,-0.0031595521547832517,-0.004099423121181167,0.0033514839083945702,0.06715755212726138,-0.04326592554199182
2024-07-16,0.0003829374126771423,0.005930129552250252,0.005676657466005208,0.0020597794376810974,0.011395403873655674,0.053473378708484676,0.016995915726605082,0.010312555430863624,0.017990987134404612,-0.0017375971410714675,-0.01189481879391241,-0.013509215451558476,0.004437376926469616,0.004450083940741756,0.020041733901699388,0.003499237870556282,0.043399065609738496
2024-07-17,-0.029354890628465302,-0.014021121642041945,-0.01625651853284804,-0.006509096628344757,0.0075878707102328136,-0.0033990569611541677,0.01521395151586491,0.015288201295032833,-0.026509547768760244,-0.02436904724914557,-0.010348424066736528,-0.02926017700169925,0.0008414999637669229,-0.0035442434086270236,-0.004912027741889702,-0.01502916014346345,-0.040195784664742495
2024-07-18,-0.004732536157537881,-0.007684949393217733,-0.009410141158683882,-0.03172414056186024,-0.012094824937253446,-0.02205551309254994,-0.03177019821146854,-0.008505146096207117,-0.008320772173197932,-0.02408563742987846,0.023687592742078545,-0.028040379268841176,-0.002837644137290929,-0.005223954028586331,-0.006170284731614961,-0.0022571629283560934,0.0014566963891586848
2024-07-19,-0.00886361144890846,-0.006640565976285595,-0.009731190232395104,-0.0028490001397227793,-0.0101641378073416,-0.0025574502342573524,-0.0009524448045185041,-0.016635747548032653,0.027460001508711418,-0.0009140198495352081,0.004794653666530646,0.01646685084825661,-0.00316188326320177,-0.0026815813734533123,-0.017798025988888466,0.042768734230136385,0.025818170851380273
2024-07-20,,,,,,,,,,,,,,,,0.0067979482134701286,
2024-07-21,,,,,,,,,,,,,,,,0.014753144342986024,
2024-07-22,0.014897808223635511,0.010309968153750626,0.00842294762556528,0.008928571428571397,0.005601004549744104,-0.013986049035123016,0.0023834918254039827,0.003475521351030908,-0.03563477998479081,-0.0009149465273834423,-0.007676326266145117,0.022660752410459395,-0.0009515818827989797,0.0044814058568540815,0.0,-0.00835268752223095,0.0024814442921692326
2024-07-23,-0.0035246669662393204,-0.0015686126470512152,-0.008816641922763213,-0.01451326893494187,0.0018565138268742398,0.002600467319834987,0.00023778973094423783,-0.004518558583101906,-0.009237866641529036,-0.013736222932647424,-0.00919929802554531,0.002874263990270798,0.0007407608354297324,0.0003345563926979711,0.004214091167247469,-0.02452573786440093,0.04313999019805226
2024-07-24,-0.035870297280015784,-0.022662490836489413,-0.014513172492175985,-0.010775834605470047,-0.013666805576975416,-0.005187535393324838,-0.008272779614242998,-0.0027880047589448065,-0.02564101994098189,-0.009285114927826132,-0.05169868737062311,-0.02935767136501366,-0.002220800354273078,-0.006466845766305518,-0.004196407125047763,-0.008426492953570563,-0.027796614338947534
2024-07-25,-0.01102769824614025,-0.005210400077100608,-0.004037961403960844,-0.0029049320404918033,0.0037576799922602877,-0.012088131503785515,0.0003835313930860007,0.0011322106418070188,-0.013556624945062934,0.0028116316185144985,-0.015353774984294244,-0.010593299380117216,0.0022257432857506476,0.0016833669766882497,-0.015170615674146126,0.00619673448871394,-0.010808886209661028
2024-07-26,0.010255997141546125,0.011199711086706587,0.010255194420370817,0.010196675017510648,0.015676109423276463,-0.00023997297563449482,0.01710838881162191,0.010085612478955674,0.0032336266954799964,0.01495326377214945,0.007683619267522923,0.016330748911477455,0.0047589160481948944,0.005601649139353793,0.01026956621735553,0.032455548053117234,0.022263825801669856
2024-07-27,,,,,,,,,,,,,,,,-0.0014537411892032726,
2024-07-28,,,,,,,,,,,,,,,,0.006525726007755361,
2024-07-29,0.0020087379539917016,0.0005877770266107252,-0.0033049902651376417,0.0007209970414092659,-0.0013821874386219513,-0.013918824884011305,-0.006549174542879732,0.001485157179192953,-0.015310200057973566,0.001841688044053269,-0.026911880664566623,-0.018338742782679107,0.00168406281572131,0.0016711766691412944,-0.0012706770804721268,-0.021037797689324123,-0.02612069448497434
2024-07-30,-0.01373139099052001,-0.005066500488028036,-0.004500294550277784,-0.005403444427000137,0.011533994407958437,0.004624020461746037,0.020583360995618083,0.006730424182571637,-0.016366596145236056,-0.01746332802918593,-0.031113124985273966,0.0029295669967173144,0.00210157983673942,0.0013345905102049027,0.010178107374668954,-0.009262185475442442,-0.020659607028203686
2024-07-31,0.029593679375311543,0.016254652533109537,0.021889174645794984,0.005794996156288423,-0.002508496329716503,-0.023498004085307223,-0.01110646034183127,-0.006254837747682984,0.00915138539834226,0.01496734488310647,0.07183635566116853,0.02628908732784585,0.007339740405191808,0.004665055645941774,0.017632245242438227,-0.023893373992326827,0.07216865331044864
2024-08-01,-0.02422143869603155,-0.014160916985064276,-0.017462164998310215,-0.014404019155082382,-0.014174672097685526,-0.020094338481426832,-0.022744338119863317,-0.015256562010048436,-0.0502885120298584,-0.03410144398214987,-0.048379943158811334,-0.0376535232195081,0.004270190036837596,-0.0005440409706408689,-0.0028877762163852516,0.011424614182306447,-0.02071100429282413
2024-08-02,-0.023734986290475435,-0.018618472285438448,-0.014218063459024544,-0.006941926497322615,-0.024582515079284883,-0.048607563831351785,-0.04241207902814281,-0.007989653381202944,-0.052083364377417896,-0.010496190049474441,-0.06389929128299887,0.10589887666069453,0.015490153041754606,0.0066659505685502385,-0.002068648609959478,-0.06032105869640059,-0.06062748864161738
2024-08-03,,,,,,,,,,,,,,,,-0.011967302150066583,
2024-08-04,,,,,,,,,,,,,,,,-0.04223983565450573,
2024-08-05,-0.029816116243490787,-0.02912364930807465,-0.028365392991777316,-0.011405425403301028,-0.02900627293045821,-0.024747227629028368,-0.02129153866020117,-0.034176824707013886,-0.0192307725897235,-0.00500001907348635,0.011709049024657636,-7.883086202820078e-05,0.0010237337305494254,-0.010153379612801494,-0.012437857958993104,-0.07098647891315102,-0.001500849736134624
2024-08-06,0.009555049299163176,0.009219564509202804,0.005690335659399137,0.022329678279913834,0.016160643868400104,0.007366940915499498,0.027911717605987096,0.020351961236804383,0.03267977406378075,0.01507543468140704,0.04284653626244972,0.019363746986732933,-0.008897453400056765,-0.003344995293594666,-0.00797651286699641,0.03783671505322772,0.0541149512101764
2024-08-07,-0.010829763901593514,-0.0066839837884725695,0.006150061269760254,0.0149253679526955,0.00120483450454123,0.010292578797973961,0.00029947475438540927,0.011560084796269576,0.006329086091177993,0.0019801488449493476,0.016056678386690226,0.02723718984553347,-0.0036116955678071605,0.0021255928242505107,-0.0012695209632797022,-0.017968550940289485,0.022103403838654057
2024-08-08,0.030590970362387893,0.023117328907638734,0.022738392921265227,0.019010068242445888,0.016125169692435604,0.02439669381333487,0.018263486769982684,0.010585030320688915,0.06828393720281767,0.0049407303656408,0.034394598750218996,0.005215934557655455,-0.003003342876081505,0.004688572487880904,0.01567792058915729,0.12144256099404904,0.1430066231796412
2024-08-09,0.005222362534362368,0.004409648640266939,0.005498434907205141,0.027103148958088186,0.004263436021482159,0.001832059657296714,0.008526971808155981,0.0003012580067625059,0.04289312535587331,0.009832879126798089,0.029656336987163856,0.007606702962134726,0.004051277276368115,0.004444489264898266,0.002503186274919411,-0.013450358103773374,0.04485810330076845
2024-08-10,,,,,,,,,,,,,,,,0.001079157301276501,
2024-08-11,,,,,,,,,,,,,,,,-0.036529632368097475,
2024-08-12,0.0021535691575242932,0.000525396560111302,0.0033285636014586117,0.008567511904914449,-0.0051887443688299895,-0.0028736574678533966,0.0018950162631379275,-0.002965225147637307,0.00806454714081517,0.0009736392173147479,0.06393184319039524,0.009662220203147998,0.0027932486289017344,0.0011060994407221525,0.017061998988621152,0.010814659848586317,0.0
2024-08-13,0.02481275639699332,0.01644555305802431,0.011137379087884147,0.018008792857663103,0.008297694611835604,0.0075976567470621426,0.008487357009924645,0.004693391911803291,0.016800003051757884,0.005836616845840803,-0.0006152333947810895,0.007561181020775187,0.004436115901000015,0.005414408892324696,-0.0016366986355668134,0.021144992390795814,0.004964973537052719
2024-08-14,0.00032438039051174705,0.0031548655884041654,-0.0053901933936271185,0.001335144083768558,0.012226728702156242,0.009100454009397962,0.01106090233307766,0.014014471236259984,0.05271440395618021,-0.01740815304830834,0.010260619837819451,-0.00920050377416548,0.0013353069180090937,0.0021981081882087583,-0.007786907255249442,-0.0308911115194338,0.029933120740810892
2024-08-15,0.025263085594123602,0.017140235981119467,0.011074487179821402,0.0036666870117187944,0.0092915498912447,0.005668530883238931,0.00623095476462221,0.0054051476967396095,0.029895337452094495,0.004921278689546282,0.007109532644177241,0.051549322851382806,-0.006257103546345344,-0.0003290394569844812,0.002891433491120976,-0.020041310813293967,0.0014108345322001448
2024-08-16,0.0012857527515495182,0.002242026879083925,0.011652295543649549,0.004317474531100096,0.007364791796138359,0.007942681344315083,0.011439364531837803,0.008325046407362313,0.0224964024400498,-0.001958908686478522,0.0038321625593402686,-0.009251453209313754,0.0019612352248872256,0.004058701532760445,0.021828614674973323,0.023175912946963972,-0.009016641996938635
2024-08-17,,,,,,,,,,,,,,,,0.00993082725079053,
2024-08-18,,,,,,,,,,,,,,,,-0.016728732324455264,
2024-08-19,0.013135987400877847,0.009561362856199906,0.009675235777905966,0.02281747815079771,0.005483101802042922,0.008388293282045378,0.006916819792600171,0.009583539525449547,0.025550010843053528,0.03140340153836374,-0.013461964586702457,0.02529362429050952,0.0013392170651942426,0.003059095424398972,-0.0008060681517745305,0.01726094125025579,0.0056611902032770445
2024-08-20,-0.0020985990395682164,-0.0016260397415359673,-0.007757247054162586,-0.012285841072288806,-0.0031810486160128715,-0.024703800620447858,-0.004316528205041914,-0.0009136164898425614,0.0,-0.012369182836330816,0.0167006053015748,-0.011015762238812843,0.004012356839995457,0.0023962984925176567,0.003630425248709379,-0.008079210921579816,0.0034641724595592116
2024-08-21,0.004664119982620507,0.003436539462509991,0.003908902331210662,0.0013093589697645847,-0.0015956436241147953,0.001550812248707567,0.0003729293777963161,-0.003925370919679372,-0.003460220857774976,0.025048191330953484,-0.02784454007678916,0.000897423654626861,0.0020493556561587134,0.002933907923732715,-0.0012057387583911394,0.03664287570061453,-0.025604126370083802
2024-08-22,-0.01585489524474748,-0.007848545245328964,-0.012368321516596392,-0.027133047386919906,0.005707834899345787,0.012645207496183808,0.009459474734028195,0.005441094139210678,-0.013194415653928537,-0.019736845053652696,-0.0057696020263722225,-0.009280386779974448,-0.004601698349710914,-0.008342477058188136,-0.012072480475005753,-0.012967304646127387,-0.022143490512305908
2024-08-23,0.01084550506659454,0.010625364808704685,0.016697616849213892,0.02284947244442037,0.008626582528769466,0.01350668661076071,0.007755095214276642,0.009687562335125133,0.014778327767996036,0.0009587032516726879,0.028393760246316457,0.005772289633969585,0.004622971871743875,0.010816204440986743,0.011812664950700213,0.061482671821355916,0.04710149225847937
2024-08-24,,,,,,,,,,,,,,,,0.0013205019089592707,
2024-08-25,,,,,,,,,,,,,,,,0.0024081210374646833,
2024-08-26,-0.009708295281311563,-0.002383852795347252,-0.00843975662858032,0.008541400273332389,0.0031509775553060226,0.0037716001003289534,0.00393937478160189,0.002448245047439679,0.01456310936448646,0.016283532866550487,0.034663467507611845,0.002194606060827997,-0.0012270986321727406,-0.0020535995979593658,0.0028180231237608933,-0.022583597070127692,-0.02566318863369821
2024-08-27,0.0029873183145983084,0.0013731610444538411,0.0013802060480545553,-0.0016287017318104002,0.0051604010707519965,-0.006262573333625676,0.00460828040491057,0.013509680697854742,0.0047846680981993295,0.026390263497255928,-0.009544247701800956,0.015718067807207525,-0.0004096139932249221,-0.0012996573706300918,0.0028101041851869013,-0.05369739018896724,0.034033669133556765
2024-08-28,-0.011347421170883165,-0.005805309695921412,-0.006202629573518026,-0.0035888647429681564,0.002455388197797115,0.007058339363206656,0.005041337475157448,0.00859690296572313,-0.027210858756485212,-0.018365542390646916,-0.0003932476630571502,-0.020155051679097036,-0.0005120504397195802,-0.001626748408369072,-0.006805447534396825,-0.00800797843742207,0.007155123349343651
2024-08-29,-0.0014638678854370646,8.948137646913601e-05,0.00046233145029317413,-0.02226589013722169,0.008906729419017934,0.005506775803286512,0.004157517369586916,0.008136203553870125,-0.004895150179360819,-0.01309629514909838,0.01731255600467696,0.010334956250853011,-0.0017421308200173957,-0.0004345453983388703,0.005239865816752287,0.006108236397788236,0.0707587887365504
2024-08-30,0.011919398452497454,0.009546019136774886,0.0020794860241757362,0.0003349038405031646,0.009490213753091226,0.014438667516080583,0.011655611715802205,0.016119773660261627,0.05200286356974715,-0.0028435765335376173,0.008122258578200148,0.022755283118775615,-0.0034904210580885,0.0008693850335881326,-0.007217333653621094,-0.004524521990973862,0.039543467401853105
2024-08-31,,,,,,,,,,,,,,,,-0.002530098940268344,
2024-09-01,,,,,,,,,,,,,,,,-0.027885585694078285,
2024-09-02,,,,,,,,,,,,,,,,0.031172733823612075,
2024-09-03,-0.030360906322718373,-0.020579027558321306,-0.019829389705594558,-0.01640447488113872,-0.007433328383751769,-0.001226965656079937,-0.0200178081157093,0.0019120295824026634,-0.008684042225920452,-0.049429699157466866,-0.05831576545634731,-0.03467587827854601,0.006592119894674786,-0.003946206916134343,-0.004038787582605896,-0.02844504270361159,0.028593382663724354
2024-09-04,-0.0025985095314086104,-0.002046770882646487,-0.0002351992925894164,0.006807378102533512,0.0011012510951162735,-0.004913986139066684,-0.0044031051358339734,0.0036491428831089134,-0.0404312921361456,0.010999965667724654,0.00896310094400743,0.000713467615151675,0.005850933272278924,0.004487213562623493,0.0,0.00941156177702851,0.0483991243144386
2024-09-05,0.0009335800056369248,-0.0024322264673088956,0.0014117970186120488,0.0125084800604367,-0.011001070641264432,-0.008888930602708789,-0.007750833778801702,-0.028522460011241035,0.007022498811590561,0.012858567641499175,-0.02039164842368968,0.02339341364949843,0.002347202644196855,0.0038134283159614313,0.008515855357692947,-0.031240343288065575,-0.005918560370878123
2024-09-06,-0.02678726904575246,-0.016830053310169624,-0.018327128026918715,-0.019699503758209058,-0.014682995831967749,-0.028084227909237702,-0.023755953043973488,-0.011829991915060734,-0.044630427929755356,-0.010742154212493138,-0.010305028756857681,-0.02557674175443858,0.0014254033092073737,-0.0022793980566410132,-0.007237647732276087,-0.03938239218868078,-0.0216718221251887
2024-09-07,,,,,,,,,,,,,,,,0.003539165966313096,
2024-09-08,,,,,,,,,,,,,,,,0.012964221602682846,
2024-09-09,0.012859655353117727,0.011196229039360794,0.008377269005373833,0.003746549751914685,0.014901798882853479,0.01831792904839924,0.02047442393304766,0.00041350380539739717,0.00802924174328612,0.0009871894144977134,-0.004581449783546465,0.02208402823354949,0.0014232966338132425,0.002719740769108414,0.004050238125016925,0.039713831911113884,0.029454698893366382
2024-09-10,0.009241772896878553,0.004355627323948008,-0.003797765092704908,-0.015609063291162184,-0.01023355153553529,-0.004813844325563088,-0.051888719684686335,-0.0015012117791574076,-0.005792967049206732,-0.02268249389775423,-0.04728030036830988,-0.006074199308041095,0.004263976583474216,0.0007595250450016522,0.004437220610751691,0.011034389872275785,-0.017498265841727534
2024-09-11,0.02171541164507773,0.010258950365243713,0.007386169873181636,0.006549484059240163,-0.004720221137524017,-0.007128278716863168,0.008124109518714118,-0.012681964512177957,0.04005828179694748,0.03128157662864672,0.001976287895883777,0.014026729767609769,-0.0007076195964526022,0.00260191966323875,-0.0016063858952408694,-0.005300015516934153,0.038748511189273804
2024-09-12,0.009816037258435273,0.008423293697768619,0.008278200069148145,0.0027397233430073165,0.002258384425102067,-0.0056410569411057265,-0.0030400108695112227,-0.004921675030431727,0.016106477605849934,0.014677066008911277,0.022134523293688035,0.04605357721301662,-0.0016185836626620986,0.001621896690507274,0.017699059368718295,0.013669279499548104,0.007414265429924516
2024-09-13,0.004479966790472689,0.005222774120357654,0.004691549564352249,0.012636575246172121,0.0029291980355266034,-0.0033521727052597816,-0.011035817660518421,-0.007230487282210207,0.015851105348607675,0.013500515416370762,0.015866245457778483,-0.008284650090978007,0.00192513571315156,0.004534271400272294,0.009881423222882546,0.04205082955798245,0.03633858895329278
2024-09-14,,,,,,,,,,,,,,,,-0.00934732588201681,
2024-09-15,,,,,,,,,,,,,,,,-0.013703582981947293,
2024-09-16,-0.004417939365635393,0.001476827147387949,0.003268722476376995,0.011804397503296649,0.013030772333929574,0.011642870128760086,0.017325731322827886,0.009316176055498726,0.010176429751274751,0.007611790862402934,0.008864460942951569,-0.007943999628216347,0.0026294973264713306,0.006125683585139097,0.0,-0.016733367188517922,-0.016200610740971455
2024-09-17,0.0005283052058113746,0.00040866398096373047,0.00116358472516076,0.006000010172525938,0.005322755296836901,0.011508971368305643,0.006687177753959217,0.010845973504192585,0.016789791419454803,-0.0009443086626766961,-0.0023012680357173965,-0.014842009705514858,-0.0018155994912864015,-0.0002136577985996091,-0.005870826732264578,0.0363626062794542,0.018271994701933858
2024-09-18,-0.004329544143149122,-0.0029658168326224255,-0.0034867857806318847,-0.004970166236365148,-0.003088501253415643,0.001769903822365304,-0.00821987920073275,-0.00017514796695372592,-0.019154554509698385,-0.004725915982554119,-0.015726567867417773,0.01368193123277095,-0.004345214650371743,-0.002884546522653464,-0.007086626294453335,0.02223798894564699,0.02193180531353356
2024-09-19,0.025284206339390103,0.017064397549709565,0.0212269622133181,0.0026640000624984506,0.011064365006283383,0.03154972321299199,0.014214836562742805,0.006811181143211442,-0.0033670161246093233,0.021842402824614915,0.016190927960488377,0.003215010706058896,-0.0008119978743299505,0.0043929787856833435,0.01506744958212658,0.020937291974474137,0.021027474171820826
2024-09-20,-0.0019033271174672128,-0.001728654250921835,-0.0020557367541648164,-0.030554634926764357,-0.0006566071259637152,-0.014680657934957875,0.0028981031512613775,-0.009571238342150235,-0.011486491493450712,-0.033457305083066324,-0.0062892920809685116,-0.0026784406017429374,-0.0003046689348439324,-0.0019202134006311988,0.012890621827682525,0.004012038411551844,-0.009978713826585328
2024-09-21,,,,,,,,,,,,,,,,0.003194394254405042,
2024-09-22,,,,,,,,,,,,,,,,0.004004601863112578,
2024-09-23,0.0026506976570352947,0.0024988700574681832,0.007782104904439979,-0.0068516875395772114,-0.0012089307938687455,-0.009932990348446635,0.0016581410478093694,-0.0007247514309701719,0.004101125459538446,0.0,0.0031645085728477795,-0.0005324383541295274,-0.0006096013179391901,-0.002885861571007897,0.0019282389692285573,-0.005010473135318549,-0.021445420911297863
2024-09-24,0.004823589208033274,0.0028613143253319873,0.034067682071009076,0.02449123826929589,-0.008362615864926815,-0.010534190624455486,0.0007093828920661238,-0.00092314699018059,0.0074881288967805215,0.06442308662205787,0.054258714457430024,0.003980784852303243,0.00111834895101115,0.0012863993956016007,0.013856836670312456,0.01535087678718594,-0.02783257567467179
2024-09-25,0.0009271529174823545,-0.0022055133774685487,-0.010542489679454814,-0.006734032249218647,-0.005992020628825645,-0.005069727733119311,-0.006616527976744724,-0.00483987200556002,-0.0013513822639132922,0.008130095308852558,-0.03411136769868439,0.009611577007342387,-0.004062152266214092,-0.002997605606137599,-0.00113897822595721,-0.018021597802944433,-0.02772767189613845
2024-09-26,0.0075130580080216,0.003964651345061521,0.036626005634236014,0.00745760384252514,0.005135064468297257,0.006878992554488539,-0.0019506814383899451,0.004023360560515332,-0.0649526424554262,0.057347701798684536,-0.0605121148550084,-0.014582753898043532,-0.0007138307298160118,0.0013959592860288694,0.004941127736757256,0.032273891570151925,0.0018548113697256507
2024-09-27,-0.005557033554496993,-0.0014503182029491635,-0.0019271980967356939,0.0003364814640942626,0.00288762920465091,-0.0030364101845852254,0.0034322018827601664,0.007243842965294345,0.0036179588884932556,-0.0008474770101858375,0.010551759167411578,-0.01690307191198792,0.003979585582483569,0.0017155317478929621,-0.007942548698166019,0.00935309904070647,0.013191384098618197
2024-09-28,,,,,,,,,,,,,,,,0.0014741358273548943,
2024-09-29,,,,,,,,,,,,,,,,-0.003829909793174213,
2024-09-30,0.0027118794539675584,0.0040072780371684935,-0.016090967392809574,-0.008072646310579468,0.0037651863388725726,0.00710656772723639,0.0017101946167779047,0.006098779236839658,-0.015861591120693852,-0.009329911538011326,-0.03893845699358378,-0.006175201476826708,-0.002744081307864077,0.0017127577490889667,-0.007624813537216224,-0.035130555094979754,-0.03860207112450098
2024-10-01,-0.013932465032684749,-0.0089584749040581,0.007195769994885914,0.0006782115265819844,-0.005295628097652938,-0.011592718773559496,-0.018116305541402533,-0.006192165391398885,-0.016117166263934335,0.0034246541787590346,0.027387937440346732,0.0069007955903439555,0.003638767215831118,0.002843493647901818,0.01037259098320198,-0.039357521968434894,0.007602748720934471
2024-10-02,0.0014129765181349896,0.00042205732551758857,0.01970123131560153,0.008810580374966293,0.0011091223387240667,0.0002549291489548633,0.0012074805958890433,-0.0016177832326589314,-0.015636636885707378,0.005119408240217949,0.0072703642981308825,-0.04617357223849994,-0.0028516017143798145,-0.002246940793171337,0.0,-0.0033568819965540397,-0.01108232073553772
2024-10-03,-0.0007469983608714426,-0.0018281792604923908,-0.011889545153625392,-0.018475012964460524,-0.005318007373954159,0.0005098255925835016,-0.009937776875868165,-0.008124076167841832,-0.00907714698451001,-0.02546690980774724,0.06846013057411349,-0.005845589278287933,-0.005106730480018307,-0.0041822990847016905,-0.0003801643278800171,0.0020882627636797935,0.03505010178438517
2024-10-04,0.011898110487967628,0.009087339434985742,0.009239370363491206,0.006502414049365912,0.016930321821428285,0.021910843575835948,0.03549370352392156,0.01989140307222592,0.00992359976954571,-0.002613217261971057,-0.0057318073294353455,0.00040835486324231063,-0.009649957972149181,-0.0037690983396577726,-0.002282288748631345,0.021528753876634443,0.0018429355295068728
2024-10-05,,,,,,,,,,,,,,,,0.0003620681473552878,
2024-10-06,,,,,,,,,,,,,,,,0.011741093613744757,
2024-10-07,-0.010711649721432903,-0.009040442689714157,0.008303159027309936,-0.00646040581582441,-0.012267280494471677,-0.0037397537670491587,-0.0013730164910795706,-0.018334526480771718,-0.006046857632206026,0.006113593857171251,-0.013588631903624249,0.00164794921875,-0.0036280550398291034,-0.004540112297493404,-0.0034311915424538597,-0.009269383518558882,-0.02230400513374553
2024-10-08,0.014934622688860033,0.009457547081078044,-0.024704433457858666,-0.008555783910841552,0.00576620804287753,-0.0007507202198243634,-0.0008533289813266176,0.000661494582069988,0.0243346507818607,-0.04079863266950323,-0.003965740499146442,0.02597759840027658,0.0008322326193754837,0.0016288579850576301,-0.0076510658095125805,-0.001682150134457161,0.03904044754329283
