fecha,zona_prov,w_median
2013-01-01,BUENOS AIRES,6031
2013-01-01,CAPITAL FEDERAL,6853
2013-01-01,CATAMARCA,5007
2013-01-01,CHACO,5598
2013-01-01,CHUBUT,7676
2013-01-01,CORDOBA,5940
2013-01-01,CORRIENTES,4981
2013-01-01,ENTRE RIOS,5108
2013-01-01,FORMOSA,4838
2013-01-01,JUJUY,4644
2013-01-01,LA PAMPA,6686
2013-01-01,LA RIOJA,4021
2013-01-01,MENDOZA,5286
2013-01-01,MISIONES,4930
2013-01-01,NEUQUEN,7324
2013-01-01,RIO NEGRO,5382
2013-01-01,SALTA,4720
2013-01-01,SAN JUAN,5326
2013-01-01,SAN LUIS,5601
2013-01-01,SANTA CRUZ,10419
2013-01-01,SANTA FE,6044
2013-01-01,SANTIAGO DEL ESTERO,3990
2013-01-01,TIERRA DEL FUEGO,10761
2013-01-01,TUCUMAN,4594
2013-02-01,BUENOS AIRES,5921
2013-02-01,CAPITAL FEDERAL,6728
2013-02-01,CATAMARCA,4877
2013-02-01,CHACO,5461
2013-02-01,CHUBUT,7731
2013-02-01,CORDOBA,5885
2013-02-01,CORRIENTES,5073
2013-02-01,ENTRE RIOS,5018
2013-02-01,FORMOSA,4805
2013-02-01,JUJUY,4580
2013-02-01,LA PAMPA,6212
2013-02-01,LA RIOJA,3855
2013-02-01,MENDOZA,5252
2013-02-01,MISIONES,4923
2013-02-01,NEUQUEN,7218
2013-02-01,RIO NEGRO,6104
2013-02-01,SALTA,4975
2013-02-01,SAN JUAN,5317
2013-02-01,SAN LUIS,5561
2013-02-01,SANTA CRUZ,10543
2013-02-01,SANTA FE,5941
2013-02-01,SANTIAGO DEL ESTERO,4030
2013-02-01,TIERRA DEL FUEGO,11402
2013-02-01,TUCUMAN,4550
2013-03-01,BUENOS AIRES,6094
2013-03-01,CAPITAL FEDERAL,6730
2013-03-01,CATAMARCA,4993
2013-03-01,CHACO,5546
2013-03-01,CHUBUT,7784
2013-03-01,CORDOBA,6135
2013-03-01,CORRIENTES,5353
2013-03-01,ENTRE RIOS,5480
2013-03-01,FORMOSA,5403
2013-03-01,JUJUY,5038
2013-03-01,LA PAMPA,6414
2013-03-01,LA RIOJA,3907
2013-03-01,MENDOZA,5151
2013-03-01,MISIONES,5000
2013-03-01,NEUQUEN,7294
2013-03-01,RIO NEGRO,6172
2013-03-01,SALTA,5104
2013-03-01,SAN JUAN,5753
2013-03-01,SAN LUIS,5765
2013-03-01,SANTA CRUZ,10762
2013-03-01,SANTA FE,6295
2013-03-01,SANTIAGO DEL ESTERO,4614
2013-03-01,TIERRA DEL FUEGO,11897
2013-03-01,TUCUMAN,4646
2013-04-01,BUENOS AIRES,6211
2013-04-01,CAPITAL FEDERAL,6881
2013-04-01,CATAMARCA,5136
2013-04-01,CHACO,5678
2013-04-01,CHUBUT,8129
2013-04-01,CORDOBA,6152
2013-04-01,CORRIENTES,5489
2013-04-01,ENTRE RIOS,5612
2013-04-01,FORMOSA,5495
2013-04-01,JUJUY,5355
2013-04-01,LA PAMPA,6431
2013-04-01,LA RIOJA,4417
2013-04-01,MENDOZA,5712
2013-04-01,MISIONES,5241
2013-04-01,NEUQUEN,7485
2013-04-01,RIO NEGRO,6329
2013-04-01,SALTA,5272
2013-04-01,SAN JUAN,5972
2013-04-01,SAN LUIS,5881
2013-04-01,SANTA CRUZ,11398
2013-04-01,SANTA FE,6390
2013-04-01,SANTIAGO DEL ESTERO,4689
2013-04-01,TIERRA DEL FUEGO,12234
2013-04-01,TUCUMAN,4713
2013-05-01,BUENOS AIRES,6681
2013-05-01,CAPITAL FEDERAL,7224
2013-05-01,CATAMARCA,5511
2013-05-01,CHACO,5844
2013-05-01,CHUBUT,8498
2013-05-01,CORDOBA,6678
2013-05-01,CORRIENTES,5568
2013-05-01,ENTRE RIOS,5684
2013-05-01,FORMOSA,5603
2013-05-01,JUJUY,5327
2013-05-01,LA PAMPA,6827
2013-05-01,LA RIOJA,4587
2013-05-01,MENDOZA,6000
2013-05-01,MISIONES,5426
2013-05-01,NEUQUEN,7728
2013-05-01,RIO NEGRO,6624
2013-05-01,SALTA,5429
2013-05-01,SAN JUAN,6211
2013-05-01,SAN LUIS,6226
2013-05-01,SANTA CRUZ,11956
2013-05-01,SANTA FE,6840
2013-05-01,SANTIAGO DEL ESTERO,4688
2013-05-01,TIERRA DEL FUEGO,12692
2013-05-01,TUCUMAN,4857
2013-06-01,BUENOS AIRES,9561
2013-06-01,CAPITAL FEDERAL,10620
2013-06-01,CATAMARCA,8108
2013-06-01,CHACO,8238
2013-06-01,CHUBUT,11388
2013-06-01,CORDOBA,9663
2013-06-01,CORRIENTES,8009
2013-06-01,ENTRE RIOS,8115
2013-06-01,FORMOSA,7919
2013-06-01,JUJUY,7679
2013-06-01,LA PAMPA,10067
2013-06-01,LA RIOJA,6551
2013-06-01,MENDOZA,8565
2013-06-01,MISIONES,7203
2013-06-01,NEUQUEN,11111
2013-06-01,RIO NEGRO,9278
2013-06-01,SALTA,7494
2013-06-01,SAN JUAN,9032
2013-06-01,SAN LUIS,8969
2013-06-01,SANTA CRUZ,17683
2013-06-01,SANTA FE,9826
2013-06-01,SANTIAGO DEL ESTERO,6756
2013-06-01,TIERRA DEL FUEGO,16530
2013-06-01,TUCUMAN,6846
2013-07-01,BUENOS AIRES,6878
2013-07-01,CAPITAL FEDERAL,7558
2013-07-01,CATAMARCA,5731
2013-07-01,CHACO,6105
2013-07-01,CHUBUT,9116
2013-07-01,CORDOBA,6855
2013-07-01,CORRIENTES,5966
2013-07-01,ENTRE RIOS,5894
2013-07-01,FORMOSA,5925
2013-07-01,JUJUY,5489
2013-07-01,LA PAMPA,7232
2013-07-01,LA RIOJA,4709
2013-07-01,MENDOZA,6223
2013-07-01,MISIONES,5791
2013-07-01,NEUQUEN,8331
2013-07-01,RIO NEGRO,6917
2013-07-01,SALTA,5630
2013-07-01,SAN JUAN,6393
2013-07-01,SAN LUIS,6610
2013-07-01,SANTA CRUZ,13101
2013-07-01,SANTA FE,7051
2013-07-01,SANTIAGO DEL ESTERO,4823
2013-07-01,TIERRA DEL FUEGO,14037
2013-07-01,TUCUMAN,5051
2013-08-01,BUENOS AIRES,6898
2013-08-01,CAPITAL FEDERAL,7751
2013-08-01,CATAMARCA,5782
2013-08-01,CHACO,6273
2013-08-01,CHUBUT,9057
2013-08-01,CORDOBA,6877
2013-08-01,CORRIENTES,6008
2013-08-01,ENTRE RIOS,6068
2013-08-01,FORMOSA,5843
2013-08-01,JUJUY,5855
2013-08-01,LA PAMPA,7111
2013-08-01,LA RIOJA,5040
2013-08-01,MENDOZA,6399
2013-08-01,MISIONES,5899
2013-08-01,NEUQUEN,8405
2013-08-01,RIO NEGRO,7088
2013-08-01,SALTA,5815
2013-08-01,SAN JUAN,6341
2013-08-01,SAN LUIS,6606
2013-08-01,SANTA CRUZ,12925
2013-08-01,SANTA FE,7070
2013-08-01,SANTIAGO DEL ESTERO,4798
2013-08-01,TIERRA DEL FUEGO,14034
2013-08-01,TUCUMAN,5050
2013-09-01,BUENOS AIRES,6990
2013-09-01,CAPITAL FEDERAL,7826
2013-09-01,CATAMARCA,5848
2013-09-01,CHACO,6298
2013-09-01,CHUBUT,9258
2013-09-01,CORDOBA,6936
2013-09-01,CORRIENTES,6092
2013-09-01,ENTRE RIOS,6119
2013-09-01,FORMOSA,5990
2013-09-01,JUJUY,5810
2013-09-01,LA PAMPA,7329
2013-09-01,LA RIOJA,5132
2013-09-01,MENDOZA,6255
2013-09-01,MISIONES,5966
2013-09-01,NEUQUEN,8490
2013-09-01,RIO NEGRO,7097
2013-09-01,SALTA,5819
2013-09-01,SAN JUAN,6285
2013-09-01,SAN LUIS,6609
2013-09-01,SANTA CRUZ,12883
2013-09-01,SANTA FE,7098
2013-09-01,SANTIAGO DEL ESTERO,4822
2013-09-01,TIERRA DEL FUEGO,14620
2013-09-01,TUCUMAN,5196
2013-10-01,BUENOS AIRES,7120
2013-10-01,CAPITAL FEDERAL,7993
2013-10-01,CATAMARCA,5987
2013-10-01,CHACO,6459
2013-10-01,CHUBUT,9346
2013-10-01,CORDOBA,7037
2013-10-01,CORRIENTES,6092
2013-10-01,ENTRE RIOS,6218
2013-10-01,FORMOSA,6178
2013-10-01,JUJUY,5874
2013-10-01,LA PAMPA,7405
2013-10-01,LA RIOJA,5208
2013-10-01,MENDOZA,6367
2013-10-01,MISIONES,6229
2013-10-01,NEUQUEN,8582
2013-10-01,RIO NEGRO,7192
2013-10-01,SALTA,5855
2013-10-01,SAN JUAN,6301
2013-10-01,SAN LUIS,6689
2013-10-01,SANTA CRUZ,13315
2013-10-01,SANTA FE,7185
2013-10-01,SANTIAGO DEL ESTERO,4836
2013-10-01,TIERRA DEL FUEGO,14931
2013-10-01,TUCUMAN,5476
2013-11-01,BUENOS AIRES,7319
2013-11-01,CAPITAL FEDERAL,8150
2013-11-01,CATAMARCA,6000
2013-11-01,CHACO,6890
2013-11-01,CHUBUT,9602
2013-11-01,CORDOBA,7316
2013-11-01,CORRIENTES,6401
2013-11-01,ENTRE RIOS,6236
2013-11-01,FORMOSA,6100
2013-11-01,JUJUY,5906
2013-11-01,LA PAMPA,7643
2013-11-01,LA RIOJA,5280
2013-11-01,MENDOZA,6390
2013-11-01,MISIONES,5997
2013-11-01,NEUQUEN,8742
2013-11-01,RIO NEGRO,7193
2013-11-01,SALTA,5869
2013-11-01,SAN JUAN,6397
2013-11-01,SAN LUIS,6795
2013-11-01,SANTA CRUZ,13590
2013-11-01,SANTA FE,7396
2013-11-01,SANTIAGO DEL ESTERO,4878
2013-11-01,TIERRA DEL FUEGO,15193
2013-11-01,TUCUMAN,5520
2013-12-01,BUENOS AIRES,10695
2013-12-01,CAPITAL FEDERAL,11990
2013-12-01,CATAMARCA,9108
2013-12-01,CHACO,9942
2013-12-01,CHUBUT,12919
2013-12-01,CORDOBA,10949
2013-12-01,CORRIENTES,9306
2013-12-01,ENTRE RIOS,9181
2013-12-01,FORMOSA,8707
2013-12-01,JUJUY,8358
2013-12-01,LA PAMPA,11239
2013-12-01,LA RIOJA,7997
2013-12-01,MENDOZA,9165
2013-12-01,MISIONES,8579
2013-12-01,NEUQUEN,13180
2013-12-01,RIO NEGRO,10403
2013-12-01,SALTA,8169
2013-12-01,SAN JUAN,9840
2013-12-01,SAN LUIS,10009
2013-12-01,SANTA CRUZ,18938
2013-12-01,SANTA FE,10980
2013-12-01,SANTIAGO DEL ESTERO,7016
2013-12-01,TIERRA DEL FUEGO,19143
2013-12-01,TUCUMAN,8183
2014-01-01,BUENOS AIRES,7648
2014-01-01,CAPITAL FEDERAL,8838
2014-01-01,CATAMARCA,6270
2014-01-01,CHACO,6938
2014-01-01,CHUBUT,10143
2014-01-01,CORDOBA,7516
2014-01-01,CORRIENTES,6687
2014-01-01,ENTRE RIOS,6723
2014-01-01,FORMOSA,6215
2014-01-01,JUJUY,5731
2014-01-01,LA PAMPA,8614
2014-01-01,LA RIOJA,5356
2014-01-01,MENDOZA,6684
2014-01-01,MISIONES,6544
2014-01-01,NEUQUEN,9603
2014-01-01,RIO NEGRO,6988
2014-01-01,SALTA,5979
2014-01-01,SAN JUAN,6866
2014-01-01,SAN LUIS,6906
2014-01-01,SANTA CRUZ,13229
2014-01-01,SANTA FE,7733
2014-01-01,SANTIAGO DEL ESTERO,4870
2014-01-01,TIERRA DEL FUEGO,13053
2014-01-01,TUCUMAN,5810
2014-02-01,BUENOS AIRES,7613
2014-02-01,CAPITAL FEDERAL,8736
2014-02-01,CATAMARCA,6216
2014-02-01,CHACO,6888
2014-02-01,CHUBUT,10167
2014-02-01,CORDOBA,7782
2014-02-01,CORRIENTES,6618
2014-02-01,ENTRE RIOS,6502
2014-02-01,FORMOSA,6182
2014-02-01,JUJUY,5669
2014-02-01,LA PAMPA,8096
2014-02-01,LA RIOJA,5234
2014-02-01,MENDOZA,6581
2014-02-01,MISIONES,6504
2014-02-01,NEUQUEN,10036
2014-02-01,RIO NEGRO,7811
2014-02-01,SALTA,6220
2014-02-01,SAN JUAN,6716
2014-02-01,SAN LUIS,6765
2014-02-01,SANTA CRUZ,13238
2014-02-01,SANTA FE,7733
2014-02-01,SANTIAGO DEL ESTERO,5796
2014-02-01,TIERRA DEL FUEGO,14355
2014-02-01,TUCUMAN,5807
2014-03-01,BUENOS AIRES,7903
2014-03-01,CAPITAL FEDERAL,8921
2014-03-01,CATAMARCA,6580
2014-03-01,CHACO,7238
2014-03-01,CHUBUT,10738
2014-03-01,CORDOBA,7828
2014-03-01,CORRIENTES,6924
2014-03-01,ENTRE RIOS,7223
2014-03-01,FORMOSA,6138
2014-03-01,JUJUY,6501
2014-03-01,LA PAMPA,8453
2014-03-01,LA RIOJA,5268
2014-03-01,MENDOZA,6549
2014-03-01,MISIONES,6747
2014-03-01,NEUQUEN,10373
2014-03-01,RIO NEGRO,8166
2014-03-01,SALTA,6512
2014-03-01,SAN JUAN,7566
2014-03-01,SAN LUIS,7253
2014-03-01,SANTA CRUZ,14232
2014-03-01,SANTA FE,8163
2014-03-01,SANTIAGO DEL ESTERO,5911
2014-03-01,TIERRA DEL FUEGO,14979
2014-03-01,TUCUMAN,6118
2014-04-01,BUENOS AIRES,8593
2014-04-01,CAPITAL FEDERAL,9506
2014-04-01,CATAMARCA,6842
2014-04-01,CHACO,7853
2014-04-01,CHUBUT,11495
2014-04-01,CORDOBA,8631
2014-04-01,CORRIENTES,7144
2014-04-01,ENTRE RIOS,7513
2014-04-01,FORMOSA,7932
2014-04-01,JUJUY,7084
2014-04-01,LA PAMPA,8882
2014-04-01,LA RIOJA,5556
2014-04-01,MENDOZA,7501
2014-04-01,MISIONES,7052
2014-04-01,NEUQUEN,10631
2014-04-01,RIO NEGRO,8315
2014-04-01,SALTA,6882
2014-04-01,SAN JUAN,8024
2014-04-01,SAN LUIS,7563
2014-04-01,SANTA CRUZ,14931
2014-04-01,SANTA FE,8834
2014-04-01,SANTIAGO DEL ESTERO,6074
2014-04-01,TIERRA DEL FUEGO,15705
2014-04-01,TUCUMAN,6633
2014-05-01,BUENOS AIRES,8789
2014-05-01,CAPITAL FEDERAL,9560
2014-05-01,CATAMARCA,7178
2014-05-01,CHACO,7865
2014-05-01,CHUBUT,11865
2014-05-01,CORDOBA,8827
2014-05-01,CORRIENTES,7346
2014-05-01,ENTRE RIOS,7554
2014-05-01,FORMOSA,7498
2014-05-01,JUJUY,6943
2014-05-01,LA PAMPA,9242
2014-05-01,LA RIOJA,5918
2014-05-01,MENDOZA,7956
2014-05-01,MISIONES,7254
2014-05-01,NEUQUEN,10901
2014-05-01,RIO NEGRO,8572
2014-05-01,SALTA,7281
2014-05-01,SAN JUAN,8202
2014-05-01,SAN LUIS,7876
2014-05-01,SANTA CRUZ,15569
2014-05-01,SANTA FE,8940
2014-05-01,SANTIAGO DEL ESTERO,6121
2014-05-01,TIERRA DEL FUEGO,16531
2014-05-01,TUCUMAN,6227
2014-06-01,BUENOS AIRES,12713
2014-06-01,CAPITAL FEDERAL,14109
2014-06-01,CATAMARCA,10365
2014-06-01,CHACO,11237
2014-06-01,CHUBUT,16119
2014-06-01,CORDOBA,12948
2014-06-01,CORRIENTES,10601
2014-06-01,ENTRE RIOS,10110
2014-06-01,FORMOSA,10306
2014-06-01,JUJUY,10437
2014-06-01,LA PAMPA,13429
2014-06-01,LA RIOJA,8358
2014-06-01,MENDOZA,11249
2014-06-01,MISIONES,9725
2014-06-01,NEUQUEN,15911
2014-06-01,RIO NEGRO,11975
2014-06-01,SALTA,10158
2014-06-01,SAN JUAN,11864
2014-06-01,SAN LUIS,11379
2014-06-01,SANTA CRUZ,22644
2014-06-01,SANTA FE,13005
2014-06-01,SANTIAGO DEL ESTERO,8754
2014-06-01,TIERRA DEL FUEGO,21743
2014-06-01,TUCUMAN,8898
2014-07-01,BUENOS AIRES,9401
2014-07-01,CAPITAL FEDERAL,10414
2014-07-01,CATAMARCA,7361
2014-07-01,CHACO,8430
2014-07-01,CHUBUT,12929
2014-07-01,CORDOBA,9295
2014-07-01,CORRIENTES,7717
2014-07-01,ENTRE RIOS,8691
2014-07-01,FORMOSA,7867
2014-07-01,JUJUY,7515
2014-07-01,LA PAMPA,10152
2014-07-01,LA RIOJA,6306
2014-07-01,MENDOZA,8327
2014-07-01,MISIONES,7926
2014-07-01,NEUQUEN,12368
2014-07-01,RIO NEGRO,9220
2014-07-01,SALTA,7683
2014-07-01,SAN JUAN,8534
2014-07-01,SAN LUIS,8529
2014-07-01,SANTA CRUZ,17130
2014-07-01,SANTA FE,9785
2014-07-01,SANTIAGO DEL ESTERO,6387
2014-07-01,TIERRA DEL FUEGO,18325
2014-07-01,TUCUMAN,6633
2014-08-01,BUENOS AIRES,9257
2014-08-01,CAPITAL FEDERAL,10290
2014-08-01,CATAMARCA,7441
2014-08-01,CHACO,8604
2014-08-01,CHUBUT,12766
2014-08-01,CORDOBA,9179
2014-08-01,CORRIENTES,7935
2014-08-01,ENTRE RIOS,8275
2014-08-01,FORMOSA,7899
2014-08-01,JUJUY,7599
2014-08-01,LA PAMPA,9832
2014-08-01,LA RIOJA,6169
2014-08-01,MENDOZA,8411
2014-08-01,MISIONES,8038
2014-08-01,NEUQUEN,12403
2014-08-01,RIO NEGRO,9206
2014-08-01,SALTA,7854
2014-08-01,SAN JUAN,8451
2014-08-01,SAN LUIS,8473
2014-08-01,SANTA CRUZ,17324
2014-08-01,SANTA FE,9317
2014-08-01,SANTIAGO DEL ESTERO,6353
2014-08-01,TIERRA DEL FUEGO,17891
2014-08-01,TUCUMAN,6898
2014-09-01,BUENOS AIRES,9638
2014-09-01,CAPITAL FEDERAL,10625
2014-09-01,CATAMARCA,7575
2014-09-01,CHACO,8718
2014-09-01,CHUBUT,13136
2014-09-01,CORDOBA,9520
2014-09-01,CORRIENTES,7968
2014-09-01,ENTRE RIOS,8333
2014-09-01,FORMOSA,7917
2014-09-01,JUJUY,7525
2014-09-01,LA PAMPA,10235
2014-09-01,LA RIOJA,6462
2014-09-01,MENDOZA,8394
2014-09-01,MISIONES,8184
2014-09-01,NEUQUEN,12637
2014-09-01,RIO NEGRO,9506
2014-09-01,SALTA,7777
2014-09-01,SAN JUAN,8528
2014-09-01,SAN LUIS,8592
2014-09-01,SANTA CRUZ,17495
2014-09-01,SANTA FE,9731
2014-09-01,SANTIAGO DEL ESTERO,6351
2014-09-01,TIERRA DEL FUEGO,17769
2014-09-01,TUCUMAN,7032
2014-10-01,BUENOS AIRES,9807
2014-10-01,CAPITAL FEDERAL,10841
2014-10-01,CATAMARCA,7688
2014-10-01,CHACO,8867
2014-10-01,CHUBUT,13462
2014-10-01,CORDOBA,9652
2014-10-01,CORRIENTES,8423
2014-10-01,ENTRE RIOS,8384
2014-10-01,FORMOSA,8124
2014-10-01,JUJUY,7640
2014-10-01,LA PAMPA,10242
2014-10-01,LA RIOJA,6556
2014-10-01,MENDOZA,8462
2014-10-01,MISIONES,8518
2014-10-01,NEUQUEN,12824
2014-10-01,RIO NEGRO,9669
2014-10-01,SALTA,7986
2014-10-01,SAN JUAN,8739
2014-10-01,SAN LUIS,8869
2014-10-01,SANTA CRUZ,18023
2014-10-01,SANTA FE,9838
2014-10-01,SANTIAGO DEL ESTERO,6407
2014-10-01,TIERRA DEL FUEGO,19318
2014-10-01,TUCUMAN,7277
2014-11-01,BUENOS AIRES,9983
2014-11-01,CAPITAL FEDERAL,11200
2014-11-01,CATAMARCA,7959
2014-11-01,CHACO,9179
2014-11-01,CHUBUT,13744
2014-11-01,CORDOBA,9840
2014-11-01,CORRIENTES,8437
2014-11-01,ENTRE RIOS,8431
2014-11-01,FORMOSA,7926
2014-11-01,JUJUY,7590
2014-11-01,LA PAMPA,11082
2014-11-01,LA RIOJA,6545
2014-11-01,MENDOZA,8504
2014-11-01,MISIONES,8553
2014-11-01,NEUQUEN,13095
2014-11-01,RIO NEGRO,9602
2014-11-01,SALTA,8030
2014-11-01,SAN JUAN,8719
2014-11-01,SAN LUIS,8853
2014-11-01,SANTA CRUZ,17869
2014-11-01,SANTA FE,10173
2014-11-01,SANTIAGO DEL ESTERO,6421
2014-11-01,TIERRA DEL FUEGO,19645
2014-11-01,TUCUMAN,7406
2014-12-01,BUENOS AIRES,14500
2014-12-01,CAPITAL FEDERAL,16313
2014-12-01,CATAMARCA,11676
2014-12-01,CHACO,13023
2014-12-01,CHUBUT,17951
2014-12-01,CORDOBA,14753
2014-12-01,CORRIENTES,12240
2014-12-01,ENTRE RIOS,12472
2014-12-01,FORMOSA,11930
2014-12-01,JUJUY,10767
2014-12-01,LA PAMPA,15181
2014-12-01,LA RIOJA,9784
2014-12-01,MENDOZA,12149
2014-12-01,MISIONES,11935
2014-12-01,NEUQUEN,19038
2014-12-01,RIO NEGRO,14047
2014-12-01,SALTA,11706
2014-12-01,SAN JUAN,12784
2014-12-01,SAN LUIS,13378
2014-12-01,SANTA CRUZ,25422
2014-12-01,SANTA FE,14689
2014-12-01,SANTIAGO DEL ESTERO,9304
2014-12-01,TIERRA DEL FUEGO,24840
2014-12-01,TUCUMAN,10712
2015-01-01,BUENOS AIRES,10197
2015-01-01,CAPITAL FEDERAL,11670
2015-01-01,CATAMARCA,7897
2015-01-01,CHACO,9200
2015-01-01,CHUBUT,13742
2015-01-01,CORDOBA,9904
2015-01-01,CORRIENTES,8787
2015-01-01,ENTRE RIOS,9094
2015-01-01,FORMOSA,8298
2015-01-01,JUJUY,7227
2015-01-01,LA PAMPA,11237
2015-01-01,LA RIOJA,6530
2015-01-01,MENDOZA,8842
2015-01-01,MISIONES,8782
2015-01-01,NEUQUEN,13189
2015-01-01,RIO NEGRO,9490
2015-01-01,SALTA,8099
2015-01-01,SAN JUAN,8929
2015-01-01,SAN LUIS,8955
2015-01-01,SANTA CRUZ,18027
2015-01-01,SANTA FE,10222
2015-01-01,SANTIAGO DEL ESTERO,6441
2015-01-01,TIERRA DEL FUEGO,17814
2015-01-01,TUCUMAN,7453
2015-02-01,BUENOS AIRES,10241
2015-02-01,CAPITAL FEDERAL,11428
2015-02-01,CATAMARCA,7813
2015-02-01,CHACO,9163
2015-02-01,CHUBUT,13763
2015-02-01,CORDOBA,10404
2015-02-01,CORRIENTES,8722
2015-02-01,ENTRE RIOS,8839
2015-02-01,FORMOSA,8283
2015-02-01,JUJUY,7305
2015-02-01,LA PAMPA,10665
2015-02-01,LA RIOJA,6498
2015-02-01,MENDOZA,8874
2015-02-01,MISIONES,8766
2015-02-01,NEUQUEN,15855
2015-02-01,RIO NEGRO,10492
2015-02-01,SALTA,8737
2015-02-01,SAN JUAN,8919
2015-02-01,SAN LUIS,8902
2015-02-01,SANTA CRUZ,17917
2015-02-01,SANTA FE,10164
2015-02-01,SANTIAGO DEL ESTERO,6420
2015-02-01,TIERRA DEL FUEGO,18829
2015-02-01,TUCUMAN,7440
2015-03-01,BUENOS AIRES,10502
2015-03-01,CAPITAL FEDERAL,11500
2015-03-01,CATAMARCA,8579
2015-03-01,CHACO,9641
2015-03-01,CHUBUT,14046
2015-03-01,CORDOBA,10524
2015-03-01,CORRIENTES,9008
2015-03-01,ENTRE RIOS,9436
2015-03-01,FORMOSA,9332
2015-03-01,JUJUY,8418
2015-03-01,LA PAMPA,11200
2015-03-01,LA RIOJA,6650
2015-03-01,MENDOZA,9209
2015-03-01,MISIONES,9088
2015-03-01,NEUQUEN,15187
2015-03-01,RIO NEGRO,10749
2015-03-01,SALTA,9157
2015-03-01,SAN JUAN,9760
2015-03-01,SAN LUIS,9512
2015-03-01,SANTA CRUZ,18267
2015-03-01,SANTA FE,10413
2015-03-01,SANTIAGO DEL ESTERO,8891
2015-03-01,TIERRA DEL FUEGO,19858
2015-03-01,TUCUMAN,8168
2015-04-01,BUENOS AIRES,10790
2015-04-01,CAPITAL FEDERAL,11896
2015-04-01,CATAMARCA,8711
2015-04-01,CHACO,9705
2015-04-01,CHUBUT,14360
2015-04-01,CORDOBA,10627
2015-04-01,CORRIENTES,9167
2015-04-01,ENTRE RIOS,9843
2015-04-01,FORMOSA,9398
2015-04-01,JUJUY,9017
2015-04-01,LA PAMPA,11146
2015-04-01,LA RIOJA,7145
2015-04-01,MENDOZA,9477
2015-04-01,MISIONES,9482
2015-04-01,NEUQUEN,15809
2015-04-01,RIO NEGRO,10805
2015-04-01,SALTA,9773
2015-04-01,SAN JUAN,10108
2015-04-01,SAN LUIS,9549
2015-04-01,SANTA CRUZ,18612
2015-04-01,SANTA FE,10970
2015-04-01,SANTIAGO DEL ESTERO,7587
2015-04-01,TIERRA DEL FUEGO,20393
2015-04-01,TUCUMAN,8156
2015-05-01,BUENOS AIRES,11450
2015-05-01,CAPITAL FEDERAL,12652
2015-05-01,CATAMARCA,9129
2015-05-01,CHACO,9854
2015-05-01,CHUBUT,15579
2015-05-01,CORDOBA,11636
2015-05-01,CORRIENTES,9211
2015-05-01,ENTRE RIOS,10146
2015-05-01,FORMOSA,9556
2015-05-01,JUJUY,8963
2015-05-01,LA PAMPA,12404
2015-05-01,LA RIOJA,7325
2015-05-01,MENDOZA,10466
2015-05-01,MISIONES,9637
2015-05-01,NEUQUEN,16000
2015-05-01,RIO NEGRO,11479
2015-05-01,SALTA,10095
2015-05-01,SAN JUAN,10487
2015-05-01,SAN LUIS,9797
2015-05-01,SANTA CRUZ,20307
2015-05-01,SANTA FE,11794
2015-05-01,SANTIAGO DEL ESTERO,7765
2015-05-01,TIERRA DEL FUEGO,22232
2015-05-01,TUCUMAN,8172
2015-06-01,BUENOS AIRES,16819
2015-06-01,CAPITAL FEDERAL,18690
2015-06-01,CATAMARCA,14104
2015-06-01,CHACO,14707
2015-06-01,CHUBUT,20728
2015-06-01,CORDOBA,17186
2015-06-01,CORRIENTES,13610
2015-06-01,ENTRE RIOS,13604
2015-06-01,FORMOSA,13820
2015-06-01,JUJUY,13479
2015-06-01,LA PAMPA,17679
2015-06-01,LA RIOJA,11247
2015-06-01,MENDOZA,14984
2015-06-01,MISIONES,13192
2015-06-01,NEUQUEN,23448
2015-06-01,RIO NEGRO,16583
2015-06-01,SALTA,14836
2015-06-01,SAN JUAN,15460
2015-06-01,SAN LUIS,14797
2015-06-01,SANTA CRUZ,29881
2015-06-01,SANTA FE,17066
2015-06-01,SANTIAGO DEL ESTERO,11210
2015-06-01,TIERRA DEL FUEGO,28175
2015-06-01,TUCUMAN,11984
2015-07-01,BUENOS AIRES,12454
2015-07-01,CAPITAL FEDERAL,13630
2015-07-01,CATAMARCA,9914
2015-07-01,CHACO,10967
2015-07-01,CHUBUT,16580
2015-07-01,CORDOBA,12677
2015-07-01,CORRIENTES,9931
2015-07-01,ENTRE RIOS,11796
2015-07-01,FORMOSA,10475
2015-07-01,JUJUY,9899
2015-07-01,LA PAMPA,12925
2015-07-01,LA RIOJA,7987
2015-07-01,MENDOZA,11008
2015-07-01,MISIONES,10475
2015-07-01,NEUQUEN,16550
2015-07-01,RIO NEGRO,12401
2015-07-01,SALTA,10757
2015-07-01,SAN JUAN,10888
2015-07-01,SAN LUIS,10786
2015-07-01,SANTA CRUZ,22139
2015-07-01,SANTA FE,12766
2015-07-01,SANTIAGO DEL ESTERO,7971
2015-07-01,TIERRA DEL FUEGO,23338
2015-07-01,TUCUMAN,8551
2015-08-01,BUENOS AIRES,12279
2015-08-01,CAPITAL FEDERAL,13542
2015-08-01,CATAMARCA,9855
2015-08-01,CHACO,11055
2015-08-01,CHUBUT,16472
2015-08-01,CORDOBA,12150
2015-08-01,CORRIENTES,9931
2015-08-01,ENTRE RIOS,10998
2015-08-01,FORMOSA,10426
2015-08-01,JUJUY,9845
2015-08-01,LA PAMPA,12775
2015-08-01,LA RIOJA,8086
2015-08-01,MENDOZA,11200
2015-08-01,MISIONES,10570
2015-08-01,NEUQUEN,16617
2015-08-01,RIO NEGRO,12466
2015-08-01,SALTA,10886
2015-08-01,SAN JUAN,10901
2015-08-01,SAN LUIS,10766
2015-08-01,SANTA CRUZ,22510
2015-08-01,SANTA FE,12245
2015-08-01,SANTIAGO DEL ESTERO,7936
2015-08-01,TIERRA DEL FUEGO,24144
2015-08-01,TUCUMAN,8911
2015-09-01,BUENOS AIRES,12899
2015-09-01,CAPITAL FEDERAL,14127
2015-09-01,CATAMARCA,9875
2015-09-01,CHACO,11606
2015-09-01,CHUBUT,16938
2015-09-01,CORDOBA,12830
2015-09-01,CORRIENTES,10015
2015-09-01,ENTRE RIOS,11229
2015-09-01,FORMOSA,10897
2015-09-01,JUJUY,9852
2015-09-01,LA PAMPA,13456
2015-09-01,LA RIOJA,8693
2015-09-01,MENDOZA,11225
2015-09-01,MISIONES,10974
2015-09-01,NEUQUEN,17010
2015-09-01,RIO NEGRO,12949
2015-09-01,SALTA,10837
2015-09-01,SAN JUAN,10975
2015-09-01,SAN LUIS,10983
2015-09-01,SANTA CRUZ,22797
2015-09-01,SANTA FE,12898
2015-09-01,SANTIAGO DEL ESTERO,8094
2015-09-01,TIERRA DEL FUEGO,24900
2015-09-01,TUCUMAN,9422
2015-10-01,BUENOS AIRES,12556
2015-10-01,CAPITAL FEDERAL,14020
2015-10-01,CATAMARCA,9911
2015-10-01,CHACO,11374
2015-10-01,CHUBUT,16931
2015-10-01,CORDOBA,12268
2015-10-01,CORRIENTES,10015
2015-10-01,ENTRE RIOS,11061
2015-10-01,FORMOSA,10850
2015-10-01,JUJUY,9838
2015-10-01,LA PAMPA,13114
2015-10-01,LA RIOJA,8881
2015-10-01,MENDOZA,11191
2015-10-01,MISIONES,11083
2015-10-01,NEUQUEN,17238
2015-10-01,RIO NEGRO,12726
2015-10-01,SALTA,10929
2015-10-01,SAN JUAN,11019
2015-10-01,SAN LUIS,11241
2015-10-01,SANTA CRUZ,23314
2015-10-01,SANTA FE,12419
2015-10-01,SANTIAGO DEL ESTERO,8135
2015-10-01,TIERRA DEL FUEGO,25558
2015-10-01,TUCUMAN,9462
2015-11-01,BUENOS AIRES,12927
2015-11-01,CAPITAL FEDERAL,14355
2015-11-01,CATAMARCA,10075
2015-11-01,CHACO,11871
2015-11-01,CHUBUT,17304
2015-11-01,CORDOBA,12833
2015-11-01,CORRIENTES,10304
2015-11-01,ENTRE RIOS,11409
2015-11-01,FORMOSA,11046
2015-11-01,JUJUY,9799
2015-11-01,LA PAMPA,13351
2015-11-01,LA RIOJA,9018
2015-11-01,MENDOZA,11356
2015-11-01,MISIONES,11521
2015-11-01,NEUQUEN,17103
2015-11-01,RIO NEGRO,12859
2015-11-01,SALTA,11064
2015-11-01,SAN JUAN,11179
2015-11-01,SAN LUIS,11660
2015-11-01,SANTA CRUZ,23415
2015-11-01,SANTA FE,12762
2015-11-01,SANTIAGO DEL ESTERO,8255
2015-11-01,TIERRA DEL FUEGO,26719
2015-11-01,TUCUMAN,9682
2015-12-01,BUENOS AIRES,18877
2015-12-01,CAPITAL FEDERAL,21758
2015-12-01,CATAMARCA,15002
2015-12-01,CHACO,17284
2015-12-01,CHUBUT,23061
2015-12-01,CORDOBA,19295
2015-12-01,CORRIENTES,14631
2015-12-01,ENTRE RIOS,16638
2015-12-01,FORMOSA,15871
2015-12-01,JUJUY,13999
2015-12-01,LA PAMPA,19918
2015-12-01,LA RIOJA,13165
2015-12-01,MENDOZA,16429
2015-12-01,MISIONES,15761
2015-12-01,NEUQUEN,24693
2015-12-01,RIO NEGRO,18774
2015-12-01,SALTA,16110
2015-12-01,SAN JUAN,16526
2015-12-01,SAN LUIS,17443
2015-12-01,SANTA CRUZ,33122
2015-12-01,SANTA FE,19053
2015-12-01,SANTIAGO DEL ESTERO,12027
2015-12-01,TIERRA DEL FUEGO,34309
2015-12-01,TUCUMAN,14239
2016-01-01,BUENOS AIRES,13289
2016-01-01,CAPITAL FEDERAL,15039
2016-01-01,CATAMARCA,10148
2016-01-01,CHACO,12102
2016-01-01,CHUBUT,17616
2016-01-01,CORDOBA,12944
2016-01-01,CORRIENTES,10377
2016-01-01,ENTRE RIOS,12036
2016-01-01,FORMOSA,11300
2016-01-01,JUJUY,9513
2016-01-01,LA PAMPA,15476
2016-01-01,LA RIOJA,8809
2016-01-01,MENDOZA,11622
2016-01-01,MISIONES,11859
2016-01-01,NEUQUEN,17298
2016-01-01,RIO NEGRO,12581
2016-01-01,SALTA,11277
2016-01-01,SAN JUAN,11702
2016-01-01,SAN LUIS,11880
2016-01-01,SANTA CRUZ,23441
2016-01-01,SANTA FE,13363
2016-01-01,SANTIAGO DEL ESTERO,8294
2016-01-01,TIERRA DEL FUEGO,23187
2016-01-01,TUCUMAN,9854
2016-02-01,BUENOS AIRES,13520
2016-02-01,CAPITAL FEDERAL,15282
2016-02-01,CATAMARCA,10536
2016-02-01,CHACO,12131
2016-02-01,CHUBUT,17879
2016-02-01,CORDOBA,13343
2016-02-01,CORRIENTES,10388
2016-02-01,ENTRE RIOS,11982
2016-02-01,FORMOSA,11564
2016-02-01,JUJUY,9634
2016-02-01,LA PAMPA,14128
2016-02-01,LA RIOJA,8572
2016-02-01,MENDOZA,11860
2016-02-01,MISIONES,11901
2016-02-01,NEUQUEN,17169
2016-02-01,RIO NEGRO,13449
2016-02-01,SALTA,12013
2016-02-01,SAN JUAN,12812
2016-02-01,SAN LUIS,12090
2016-02-01,SANTA CRUZ,23018
2016-02-01,SANTA FE,13589
2016-02-01,SANTIAGO DEL ESTERO,8514
2016-02-01,TIERRA DEL FUEGO,25609
2016-02-01,TUCUMAN,10022
2016-03-01,BUENOS AIRES,13993
2016-03-01,CAPITAL FEDERAL,15554
2016-03-01,CATAMARCA,10700
2016-03-01,CHACO,13535
2016-03-01,CHUBUT,18035
2016-03-01,CORDOBA,14290
2016-03-01,CORRIENTES,10914
2016-03-01,ENTRE RIOS,13082
2016-03-01,FORMOSA,13111
2016-03-01,JUJUY,10947
2016-03-01,LA PAMPA,15256
2016-03-01,LA RIOJA,9063
2016-03-01,MENDOZA,11824
2016-03-01,MISIONES,12500
2016-03-01,NEUQUEN,19958
2016-03-01,RIO NEGRO,14376
2016-03-01,SALTA,12482
2016-03-01,SAN JUAN,12957
2016-03-01,SAN LUIS,13027
2016-03-01,SANTA CRUZ,23408
2016-03-01,SANTA FE,14420
2016-03-01,SANTIAGO DEL ESTERO,11738
2016-03-01,TIERRA DEL FUEGO,26382
2016-03-01,TUCUMAN,10086
2016-04-01,BUENOS AIRES,15066
2016-04-01,CAPITAL FEDERAL,16338
2016-04-01,CATAMARCA,11279
2016-04-01,CHACO,14163
2016-04-01,CHUBUT,19691
2016-04-01,CORDOBA,14923
2016-04-01,CORRIENTES,11112
2016-04-01,ENTRE RIOS,13617
2016-04-01,FORMOSA,13385
2016-04-01,JUJUY,11975
2016-04-01,LA PAMPA,15751
2016-04-01,LA RIOJA,9842
2016-04-01,MENDOZA,12654
2016-04-01,MISIONES,13167
2016-04-01,NEUQUEN,19829
2016-04-01,RIO NEGRO,15211
2016-04-01,SALTA,13298
2016-04-01,SAN JUAN,13505
2016-04-01,SAN LUIS,13505
2016-04-01,SANTA CRUZ,24936
2016-04-01,SANTA FE,15156
2016-04-01,SANTIAGO DEL ESTERO,10412
2016-04-01,TIERRA DEL FUEGO,27265
2016-04-01,TUCUMAN,10686
2016-05-01,BUENOS AIRES,15475
2016-05-01,CAPITAL FEDERAL,16731
2016-05-01,CATAMARCA,11746
2016-05-01,CHACO,14454
2016-05-01,CHUBUT,20000
2016-05-01,CORDOBA,15465
2016-05-01,CORRIENTES,11444
2016-05-01,ENTRE RIOS,13944
2016-05-01,FORMOSA,13543
2016-05-01,JUJUY,12051
2016-05-01,LA PAMPA,16222
2016-05-01,LA RIOJA,10108
2016-05-01,MENDOZA,13487
2016-05-01,MISIONES,13407
2016-05-01,NEUQUEN,20017
2016-05-01,RIO NEGRO,15706
2016-05-01,SALTA,13496
2016-05-01,SAN JUAN,13922
2016-05-01,SAN LUIS,14296
2016-05-01,SANTA CRUZ,25883
2016-05-01,SANTA FE,15709
2016-05-01,SANTIAGO DEL ESTERO,10828
2016-05-01,TIERRA DEL FUEGO,28125
2016-05-01,TUCUMAN,10624
2016-06-01,BUENOS AIRES,22164
2016-06-01,CAPITAL FEDERAL,24930
2016-06-01,CATAMARCA,17729
2016-06-01,CHACO,20867
2016-06-01,CHUBUT,27073
2016-06-01,CORDOBA,22671
2016-06-01,CORRIENTES,16255
2016-06-01,ENTRE RIOS,19740
2016-06-01,FORMOSA,19320
2016-06-01,JUJUY,17463
2016-06-01,LA PAMPA,23351
2016-06-01,LA RIOJA,14821
2016-06-01,MENDOZA,19292
2016-06-01,MISIONES,18166
2016-06-01,NEUQUEN,29295
2016-06-01,RIO NEGRO,23046
2016-06-01,SALTA,20241
2016-06-01,SAN JUAN,20376
2016-06-01,SAN LUIS,20963
2016-06-01,SANTA CRUZ,39068
2016-06-01,SANTA FE,22576
2016-06-01,SANTIAGO DEL ESTERO,15568
2016-06-01,TIERRA DEL FUEGO,37183
2016-06-01,TUCUMAN,15303
2016-07-01,BUENOS AIRES,16259
2016-07-01,CAPITAL FEDERAL,17892
2016-07-01,CATAMARCA,13019
2016-07-01,CHACO,14977
2016-07-01,CHUBUT,21888
2016-07-01,CORDOBA,16020
2016-07-01,CORRIENTES,12104
2016-07-01,ENTRE RIOS,14876
2016-07-01,FORMOSA,14496
2016-07-01,JUJUY,13103
2016-07-01,LA PAMPA,17001
2016-07-01,LA RIOJA,11529
2016-07-01,MENDOZA,14138
2016-07-01,MISIONES,14164
2016-07-01,NEUQUEN,21877
2016-07-01,RIO NEGRO,16510
2016-07-01,SALTA,14241
2016-07-01,SAN JUAN,14477
2016-07-01,SAN LUIS,15173
2016-07-01,SANTA CRUZ,29109
2016-07-01,SANTA FE,16202
2016-07-01,SANTIAGO DEL ESTERO,11100
2016-07-01,TIERRA DEL FUEGO,29910
2016-07-01,TUCUMAN,11234
2016-08-01,BUENOS AIRES,16623
2016-08-01,CAPITAL FEDERAL,18349
2016-08-01,CATAMARCA,13246
2016-08-01,CHACO,15568
2016-08-01,CHUBUT,22078
2016-08-01,CORDOBA,16180
2016-08-01,CORRIENTES,12531
2016-08-01,ENTRE RIOS,15082
2016-08-01,FORMOSA,14673
2016-08-01,JUJUY,13160
2016-08-01,LA PAMPA,17063
2016-08-01,LA RIOJA,11871
2016-08-01,MENDOZA,14636
2016-08-01,MISIONES,14246
2016-08-01,NEUQUEN,22923
2016-08-01,RIO NEGRO,16725
2016-08-01,SALTA,14786
2016-08-01,SAN JUAN,14566
2016-08-01,SAN LUIS,15365
2016-08-01,SANTA CRUZ,30000
2016-08-01,SANTA FE,16406
2016-08-01,SANTIAGO DEL ESTERO,11298
2016-08-01,TIERRA DEL FUEGO,30441
2016-08-01,TUCUMAN,11357
2016-09-01,BUENOS AIRES,16539
2016-09-01,CAPITAL FEDERAL,18403
2016-09-01,CATAMARCA,13172
2016-09-01,CHACO,15425
2016-09-01,CHUBUT,21978
2016-09-01,CORDOBA,16134
2016-09-01,CORRIENTES,12337
2016-09-01,ENTRE RIOS,15138
2016-09-01,FORMOSA,14503
2016-09-01,JUJUY,12760
2016-09-01,LA PAMPA,17911
2016-09-01,LA RIOJA,11822
2016-09-01,MENDOZA,14533
2016-09-01,MISIONES,14476
2016-09-01,NEUQUEN,22698
2016-09-01,RIO NEGRO,16647
2016-09-01,SALTA,14850
2016-09-01,SAN JUAN,14618
2016-09-01,SAN LUIS,15269
2016-09-01,SANTA CRUZ,29459
2016-09-01,SANTA FE,16423
2016-09-01,SANTIAGO DEL ESTERO,11361
2016-09-01,TIERRA DEL FUEGO,30678
2016-09-01,TUCUMAN,12094
2016-10-01,BUENOS AIRES,17087
2016-10-01,CAPITAL FEDERAL,19042
2016-10-01,CATAMARCA,13437
2016-10-01,CHACO,16208
2016-10-01,CHUBUT,22590
2016-10-01,CORDOBA,16794
2016-10-01,CORRIENTES,13641
2016-10-01,ENTRE RIOS,15409
2016-10-01,FORMOSA,15067
2016-10-01,JUJUY,13232
2016-10-01,LA PAMPA,18068
2016-10-01,LA RIOJA,11991
2016-10-01,MENDOZA,14888
2016-10-01,MISIONES,15039
2016-10-01,NEUQUEN,23175
2016-10-01,RIO NEGRO,17161
2016-10-01,SALTA,15097
2016-10-01,SAN JUAN,14913
2016-10-01,SAN LUIS,15827
2016-10-01,SANTA CRUZ,30678
2016-10-01,SANTA FE,17015
2016-10-01,SANTIAGO DEL ESTERO,11481
2016-10-01,TIERRA DEL FUEGO,31229
2016-10-01,TUCUMAN,12253
2016-11-01,BUENOS AIRES,17502
2016-11-01,CAPITAL FEDERAL,19402
2016-11-01,CATAMARCA,13560
2016-11-01,CHACO,16684
2016-11-01,CHUBUT,22965
2016-11-01,CORDOBA,17108
2016-11-01,CORRIENTES,13924
2016-11-01,ENTRE RIOS,15730
2016-11-01,FORMOSA,15218
2016-11-01,JUJUY,13098
2016-11-01,LA PAMPA,17990
2016-11-01,LA RIOJA,12105
2016-11-01,MENDOZA,15000
2016-11-01,MISIONES,15245
2016-11-01,NEUQUEN,23114
2016-11-01,RIO NEGRO,17117
2016-11-01,SALTA,15117
2016-11-01,SAN JUAN,15252
2016-11-01,SAN LUIS,16078
2016-11-01,SANTA CRUZ,29991
2016-11-01,SANTA FE,17396
2016-11-01,SANTIAGO DEL ESTERO,11549
2016-11-01,TIERRA DEL FUEGO,32040
2016-11-01,TUCUMAN,12887
2016-12-01,BUENOS AIRES,25551
2016-12-01,CAPITAL FEDERAL,29894
2016-12-01,CATAMARCA,20913
2016-12-01,CHACO,24428
2016-12-01,CHUBUT,30802
2016-12-01,CORDOBA,25623
2016-12-01,CORRIENTES,20731
2016-12-01,ENTRE RIOS,23220
2016-12-01,FORMOSA,21474
2016-12-01,JUJUY,18570
2016-12-01,LA PAMPA,26473
2016-12-01,LA RIOJA,17640
2016-12-01,MENDOZA,21534
2016-12-01,MISIONES,20521
2016-12-01,NEUQUEN,34407
2016-12-01,RIO NEGRO,25379
2016-12-01,SALTA,22438
2016-12-01,SAN JUAN,22486
2016-12-01,SAN LUIS,24066
2016-12-01,SANTA CRUZ,44011
2016-12-01,SANTA FE,25813
2016-12-01,SANTIAGO DEL ESTERO,16895
2016-12-01,TIERRA DEL FUEGO,40760
2016-12-01,TUCUMAN,19072
2017-01-01,BUENOS AIRES,18483
2017-01-01,CAPITAL FEDERAL,20952
2017-01-01,CATAMARCA,13762
2017-01-01,CHACO,17332
2017-01-01,CHUBUT,24221
2017-01-01,CORDOBA,17979
2017-01-01,CORRIENTES,14444
2017-01-01,ENTRE RIOS,16864
2017-01-01,FORMOSA,16563
2017-01-01,JUJUY,12753
2017-01-01,LA PAMPA,20447
2017-01-01,LA RIOJA,12128
2017-01-01,MENDOZA,15689
2017-01-01,MISIONES,15702
2017-01-01,NEUQUEN,23647
2017-01-01,RIO NEGRO,16958
2017-01-01,SALTA,15420
2017-01-01,SAN JUAN,15933
2017-01-01,SAN LUIS,16435
2017-01-01,SANTA CRUZ,30937
2017-01-01,SANTA FE,18533
2017-01-01,SANTIAGO DEL ESTERO,11779
2017-01-01,TIERRA DEL FUEGO,29489
2017-01-01,TUCUMAN,13446
2017-02-01,BUENOS AIRES,18329
2017-02-01,CAPITAL FEDERAL,20508
2017-02-01,CATAMARCA,13801
2017-02-01,CHACO,17131
2017-02-01,CHUBUT,24135
2017-02-01,CORDOBA,17767
2017-02-01,CORRIENTES,14512
2017-02-01,ENTRE RIOS,16402
2017-02-01,FORMOSA,15444
2017-02-01,JUJUY,12815
2017-02-01,LA PAMPA,19137
2017-02-01,LA RIOJA,10844
2017-02-01,MENDOZA,15587
2017-02-01,MISIONES,16037
2017-02-01,NEUQUEN,23238
2017-02-01,RIO NEGRO,18090
2017-02-01,SALTA,16285
2017-02-01,SAN JUAN,15858
2017-02-01,SAN LUIS,16605
2017-02-01,SANTA CRUZ,30211
2017-02-01,SANTA FE,18219
2017-02-01,SANTIAGO DEL ESTERO,11640
2017-02-01,TIERRA DEL FUEGO,30840
2017-02-01,TUCUMAN,13203
2017-03-01,BUENOS AIRES,18619
2017-03-01,CAPITAL FEDERAL,20701
2017-03-01,CATAMARCA,13720
2017-03-01,CHACO,17238
2017-03-01,CHUBUT,24249
2017-03-01,CORDOBA,18296
2017-03-01,CORRIENTES,16078
2017-03-01,ENTRE RIOS,16962
2017-03-01,FORMOSA,15573
2017-03-01,JUJUY,13863
2017-03-01,LA PAMPA,19283
2017-03-01,LA RIOJA,11641
2017-03-01,MENDOZA,15998
2017-03-01,MISIONES,16715
2017-03-01,NEUQUEN,23542
2017-03-01,RIO NEGRO,18976
2017-03-01,SALTA,16730
2017-03-01,SAN JUAN,16647
2017-03-01,SAN LUIS,17129
2017-03-01,SANTA CRUZ,31108
2017-03-01,SANTA FE,18594
2017-03-01,SANTIAGO DEL ESTERO,14024
2017-03-01,TIERRA DEL FUEGO,32597
2017-03-01,TUCUMAN,13220
2017-04-01,BUENOS AIRES,19234
2017-04-01,CAPITAL FEDERAL,21476
2017-04-01,CATAMARCA,13897
2017-04-01,CHACO,18348
2017-04-01,CHUBUT,24872
2017-04-01,CORDOBA,19777
2017-04-01,CORRIENTES,16350
2017-04-01,ENTRE RIOS,17456
2017-04-01,FORMOSA,18666
2017-04-01,JUJUY,14831
2017-04-01,LA PAMPA,19987
2017-04-01,LA RIOJA,12556
2017-04-01,MENDOZA,16512
2017-04-01,MISIONES,16608
2017-04-01,NEUQUEN,25248
2017-04-01,RIO NEGRO,19898
2017-04-01,SALTA,17131
2017-04-01,SAN JUAN,17130
2017-04-01,SAN LUIS,17443
2017-04-01,SANTA CRUZ,32018
2017-04-01,SANTA FE,19506
2017-04-01,SANTIAGO DEL ESTERO,13649
2017-04-01,TIERRA DEL FUEGO,33769
2017-04-01,TUCUMAN,13325
2017-05-01,BUENOS AIRES,19692
2017-05-01,CAPITAL FEDERAL,22000
2017-05-01,CATAMARCA,15320
2017-05-01,CHACO,18725
2017-05-01,CHUBUT,26349
2017-05-01,CORDOBA,19690
2017-05-01,CORRIENTES,16962
2017-05-01,ENTRE RIOS,18077
2017-05-01,FORMOSA,17593
2017-05-01,JUJUY,15001
2017-05-01,LA PAMPA,20644
2017-05-01,LA RIOJA,13177
2017-05-01,MENDOZA,17146
2017-05-01,MISIONES,17026
2017-05-01,NEUQUEN,25855
2017-05-01,RIO NEGRO,20518
2017-05-01,SALTA,18066
2017-05-01,SAN JUAN,17812
2017-05-01,SAN LUIS,18067
2017-05-01,SANTA CRUZ,34114
2017-05-01,SANTA FE,20514
2017-05-01,SANTIAGO DEL ESTERO,14279
2017-05-01,TIERRA DEL FUEGO,34735
2017-05-01,TUCUMAN,13892
2017-06-01,BUENOS AIRES,28402
2017-06-01,CAPITAL FEDERAL,32249
2017-06-01,CATAMARCA,22707
2017-06-01,CHACO,27131
2017-06-01,CHUBUT,34526
2017-06-01,CORDOBA,29191
2017-06-01,CORRIENTES,24517
2017-06-01,ENTRE RIOS,23876
2017-06-01,FORMOSA,24853
2017-06-01,JUJUY,21747
2017-06-01,LA PAMPA,30085
2017-06-01,LA RIOJA,19345
2017-06-01,MENDOZA,24145
2017-06-01,MISIONES,22490
2017-06-01,NEUQUEN,37653
2017-06-01,RIO NEGRO,28617
2017-06-01,SALTA,26540
2017-06-01,SAN JUAN,26013
2017-06-01,SAN LUIS,26432
2017-06-01,SANTA CRUZ,49533
2017-06-01,SANTA FE,29234
2017-06-01,SANTIAGO DEL ESTERO,20360
2017-06-01,TIERRA DEL FUEGO,45188
2017-06-01,TUCUMAN,19320
2017-07-01,BUENOS AIRES,21470
2017-07-01,CAPITAL FEDERAL,23494
2017-07-01,CATAMARCA,15805
2017-07-01,CHACO,19734
2017-07-01,CHUBUT,28118
2017-07-01,CORDOBA,21162
2017-07-01,CORRIENTES,17725
2017-07-01,ENTRE RIOS,19930
2017-07-01,FORMOSA,18670
2017-07-01,JUJUY,16073
2017-07-01,LA PAMPA,21764
2017-07-01,LA RIOJA,15568
2017-07-01,MENDOZA,18120
2017-07-01,MISIONES,17639
2017-07-01,NEUQUEN,26886
2017-07-01,RIO NEGRO,21163
2017-07-01,SALTA,18590
2017-07-01,SAN JUAN,18470
2017-07-01,SAN LUIS,19419
2017-07-01,SANTA CRUZ,37177
2017-07-01,SANTA FE,21303
2017-07-01,SANTIAGO DEL ESTERO,14462
2017-07-01,TIERRA DEL FUEGO,36733
2017-07-01,TUCUMAN,14126
2017-08-01,BUENOS AIRES,21380
2017-08-01,CAPITAL FEDERAL,23922
2017-08-01,CATAMARCA,16290
2017-08-01,CHACO,19802
2017-08-01,CHUBUT,28138
2017-08-01,CORDOBA,21175
2017-08-01,CORRIENTES,18137
2017-08-01,ENTRE RIOS,19462
2017-08-01,FORMOSA,18735
2017-08-01,JUJUY,15908
2017-08-01,LA PAMPA,22219
2017-08-01,LA RIOJA,15691
2017-08-01,MENDOZA,18683
2017-08-01,MISIONES,17953
2017-08-01,NEUQUEN,27205
2017-08-01,RIO NEGRO,21300
2017-08-01,SALTA,18964
2017-08-01,SAN JUAN,18963
2017-08-01,SAN LUIS,19585
2017-08-01,SANTA CRUZ,37622
2017-08-01,SANTA FE,21473
2017-08-01,SANTIAGO DEL ESTERO,14676
2017-08-01,TIERRA DEL FUEGO,37070
2017-08-01,TUCUMAN,14112
2017-09-01,BUENOS AIRES,21626
2017-09-01,CAPITAL FEDERAL,24137
2017-09-01,CATAMARCA,16775
2017-09-01,CHACO,20029
2017-09-01,CHUBUT,28266
2017-09-01,CORDOBA,21175
2017-09-01,CORRIENTES,18563
2017-09-01,ENTRE RIOS,19443
2017-09-01,FORMOSA,18971
2017-09-01,JUJUY,15593
2017-09-01,LA PAMPA,22470
2017-09-01,LA RIOJA,15808
2017-09-01,MENDOZA,18472
2017-09-01,MISIONES,18328
2017-09-01,NEUQUEN,27570
2017-09-01,RIO NEGRO,21598
2017-09-01,SALTA,18931
2017-09-01,SAN JUAN,19037
2017-09-01,SAN LUIS,20067
2017-09-01,SANTA CRUZ,36804
2017-09-01,SANTA FE,21521
2017-09-01,SANTIAGO DEL ESTERO,14348
2017-09-01,TIERRA DEL FUEGO,37483
2017-09-01,TUCUMAN,14848
2017-10-01,BUENOS AIRES,22000
2017-10-01,CAPITAL FEDERAL,24579
2017-10-01,CATAMARCA,17057
2017-10-01,CHACO,20264
2017-10-01,CHUBUT,28544
2017-10-01,CORDOBA,21491
2017-10-01,CORRIENTES,19310
2017-10-01,ENTRE RIOS,19921
2017-10-01,FORMOSA,19712
2017-10-01,JUJUY,16359
2017-10-01,LA PAMPA,22779
2017-10-01,LA RIOJA,16535
2017-10-01,MENDOZA,18766
2017-10-01,MISIONES,18729
2017-10-01,NEUQUEN,28570
2017-10-01,RIO NEGRO,21983
2017-10-01,SALTA,19237
2017-10-01,SAN JUAN,19287
2017-10-01,SAN LUIS,20422
2017-10-01,SANTA CRUZ,37555
2017-10-01,SANTA FE,21818
2017-10-01,SANTIAGO DEL ESTERO,14930
2017-10-01,TIERRA DEL FUEGO,37886
2017-10-01,TUCUMAN,15760
2017-11-01,BUENOS AIRES,22200
2017-11-01,CAPITAL FEDERAL,24649
2017-11-01,CATAMARCA,17043
2017-11-01,CHACO,20289
2017-11-01,CHUBUT,28826
2017-11-01,CORDOBA,21592
2017-11-01,CORRIENTES,19177
2017-11-01,ENTRE RIOS,20018
2017-11-01,FORMOSA,19563
2017-11-01,JUJUY,16050
2017-11-01,LA PAMPA,22735
2017-11-01,LA RIOJA,16449
2017-11-01,MENDOZA,18726
2017-11-01,MISIONES,19043
2017-11-01,NEUQUEN,28570
2017-11-01,RIO NEGRO,21549
2017-11-01,SALTA,19639
2017-11-01,SAN JUAN,19394
2017-11-01,SAN LUIS,20401
2017-11-01,SANTA CRUZ,37105
2017-11-01,SANTA FE,21982
2017-11-01,SANTIAGO DEL ESTERO,14615
2017-11-01,TIERRA DEL FUEGO,38662
2017-11-01,TUCUMAN,15760
2017-12-01,BUENOS AIRES,31626
2017-12-01,CAPITAL FEDERAL,36584
2017-12-01,CATAMARCA,24999
2017-12-01,CHACO,29476
2017-12-01,CHUBUT,38269
2017-12-01,CORDOBA,32242
2017-12-01,CORRIENTES,27969
2017-12-01,ENTRE RIOS,29033
2017-12-01,FORMOSA,27576
2017-12-01,JUJUY,22375
2017-12-01,LA PAMPA,33629
2017-12-01,LA RIOJA,24622
2017-12-01,MENDOZA,26506
2017-12-01,MISIONES,24765
2017-12-01,NEUQUEN,41948
2017-12-01,RIO NEGRO,31334
2017-12-01,SALTA,28844
2017-12-01,SAN JUAN,28409
2017-12-01,SAN LUIS,30451
2017-12-01,SANTA CRUZ,52768
2017-12-01,SANTA FE,31968
2017-12-01,SANTIAGO DEL ESTERO,21241
2017-12-01,TIERRA DEL FUEGO,48902
2017-12-01,TUCUMAN,23369
2018-01-01,BUENOS AIRES,23094
2018-01-01,CAPITAL FEDERAL,25938
2018-01-01,CATAMARCA,17245
2018-01-01,CHACO,20672
2018-01-01,CHUBUT,29869
2018-01-01,CORDOBA,22757
2018-01-01,CORRIENTES,19832
2018-01-01,ENTRE RIOS,20975
2018-01-01,FORMOSA,20166
2018-01-01,JUJUY,15656
2018-01-01,LA PAMPA,25186
2018-01-01,LA RIOJA,16225
2018-01-01,MENDOZA,19360
2018-01-01,MISIONES,19282
2018-01-01,NEUQUEN,30124
2018-01-01,RIO NEGRO,20946
2018-01-01,SALTA,19860
2018-01-01,SAN JUAN,20244
2018-01-01,SAN LUIS,20858
2018-01-01,SANTA CRUZ,37120
2018-01-01,SANTA FE,22878
2018-01-01,SANTIAGO DEL ESTERO,14911
2018-01-01,TIERRA DEL FUEGO,34142
2018-01-01,TUCUMAN,16519
2018-02-01,BUENOS AIRES,23045
2018-02-01,CAPITAL FEDERAL,26495
2018-02-01,CATAMARCA,16998
2018-02-01,CHACO,20541
2018-02-01,CHUBUT,29851
2018-02-01,CORDOBA,22525
2018-02-01,CORRIENTES,19902
2018-02-01,ENTRE RIOS,20490
2018-02-01,FORMOSA,19672
2018-02-01,JUJUY,15876
2018-02-01,LA PAMPA,25016
2018-02-01,LA RIOJA,15470
2018-02-01,MENDOZA,19177
2018-02-01,MISIONES,19808
2018-02-01,NEUQUEN,30189
2018-02-01,RIO NEGRO,22553
2018-02-01,SALTA,20299
2018-02-01,SAN JUAN,20076
2018-02-01,SAN LUIS,20803
2018-02-01,SANTA CRUZ,36874
2018-02-01,SANTA FE,22774
2018-02-01,SANTIAGO DEL ESTERO,14489
2018-02-01,TIERRA DEL FUEGO,38465
2018-02-01,TUCUMAN,16450
2018-03-01,BUENOS AIRES,23327
2018-03-01,CAPITAL FEDERAL,25963
2018-03-01,CATAMARCA,18241
2018-03-01,CHACO,21018
2018-03-01,CHUBUT,29854
2018-03-01,CORDOBA,23173
2018-03-01,CORRIENTES,20317
2018-03-01,ENTRE RIOS,20799
2018-03-01,FORMOSA,20885
2018-03-01,JUJUY,16694
2018-03-01,LA PAMPA,24663
2018-03-01,LA RIOJA,16429
2018-03-01,MENDOZA,19061
2018-03-01,MISIONES,19701
2018-03-01,NEUQUEN,30076
2018-03-01,RIO NEGRO,23101
2018-03-01,SALTA,20834
2018-03-01,SAN JUAN,21045
2018-03-01,SAN LUIS,21672
2018-03-01,SANTA CRUZ,37267
2018-03-01,SANTA FE,23030
2018-03-01,SANTIAGO DEL ESTERO,16539
2018-03-01,TIERRA DEL FUEGO,39025
2018-03-01,TUCUMAN,16194
2018-04-01,BUENOS AIRES,24822
2018-04-01,CAPITAL FEDERAL,27039
2018-04-01,CATAMARCA,18990
2018-04-01,CHACO,21715
2018-04-01,CHUBUT,30924
2018-04-01,CORDOBA,23925
2018-04-01,CORRIENTES,20695
2018-04-01,ENTRE RIOS,22684
2018-04-01,FORMOSA,21473
2018-04-01,JUJUY,17662
2018-04-01,LA PAMPA,25234
2018-04-01,LA RIOJA,17199
2018-04-01,MENDOZA,20000
2018-04-01,MISIONES,19692
2018-04-01,NEUQUEN,31987
2018-04-01,RIO NEGRO,24234
2018-04-01,SALTA,21422
2018-04-01,SAN JUAN,21446
2018-04-01,SAN LUIS,21508
2018-04-01,SANTA CRUZ,39113
2018-04-01,SANTA FE,23969
2018-04-01,SANTIAGO DEL ESTERO,16428
2018-04-01,TIERRA DEL FUEGO,40316
2018-04-01,TUCUMAN,16390
2018-05-01,BUENOS AIRES,25082
2018-05-01,CAPITAL FEDERAL,27262
2018-05-01,CATAMARCA,19571
2018-05-01,CHACO,22292
2018-05-01,CHUBUT,31096
2018-05-01,CORDOBA,24641
2018-05-01,CORRIENTES,20769
2018-05-01,ENTRE RIOS,22643
2018-05-01,FORMOSA,21623
2018-05-01,JUJUY,17693
2018-05-01,LA PAMPA,25799
2018-05-01,LA RIOJA,17853
2018-05-01,MENDOZA,20930
2018-05-01,MISIONES,20079
2018-05-01,NEUQUEN,33193
2018-05-01,RIO NEGRO,24212
2018-05-01,SALTA,22020
2018-05-01,SAN JUAN,21920
2018-05-01,SAN LUIS,22045
2018-05-01,SANTA CRUZ,40837
2018-05-01,SANTA FE,25388
2018-05-01,SANTIAGO DEL ESTERO,16744
2018-05-01,TIERRA DEL FUEGO,41328
2018-05-01,TUCUMAN,16439
2018-06-01,BUENOS AIRES,36041
2018-06-01,CAPITAL FEDERAL,40356
2018-06-01,CATAMARCA,28829
2018-06-01,CHACO,31690
2018-06-01,CHUBUT,42044
2018-06-01,CORDOBA,36364
2018-06-01,CORRIENTES,30142
2018-06-01,ENTRE RIOS,32538
2018-06-01,FORMOSA,30140
2018-06-01,JUJUY,26024
2018-06-01,LA PAMPA,37754
2018-06-01,LA RIOJA,26127
2018-06-01,MENDOZA,29326
2018-06-01,MISIONES,25739
2018-06-01,NEUQUEN,47871
2018-06-01,RIO NEGRO,34579
2018-06-01,SALTA,31930
2018-06-01,SAN JUAN,32128
2018-06-01,SAN LUIS,32152
2018-06-01,SANTA CRUZ,58744
2018-06-01,SANTA FE,36021
2018-06-01,SANTIAGO DEL ESTERO,23919
2018-06-01,TIERRA DEL FUEGO,53217
2018-06-01,TUCUMAN,24031
2018-07-01,BUENOS AIRES,26064
2018-07-01,CAPITAL FEDERAL,28421
2018-07-01,CATAMARCA,20869
2018-07-01,CHACO,22799
2018-07-01,CHUBUT,33591
2018-07-01,CORDOBA,25389
2018-07-01,CORRIENTES,22741
2018-07-01,ENTRE RIOS,23853
2018-07-01,FORMOSA,22563
2018-07-01,JUJUY,18975
2018-07-01,LA PAMPA,27108
2018-07-01,LA RIOJA,19167
2018-07-01,MENDOZA,21464
2018-07-01,MISIONES,20750
2018-07-01,NEUQUEN,35591
2018-07-01,RIO NEGRO,25172
2018-07-01,SALTA,22870
2018-07-01,SAN JUAN,22546
2018-07-01,SAN LUIS,22993
2018-07-01,SANTA CRUZ,43665
2018-07-01,SANTA FE,25445
2018-07-01,SANTIAGO DEL ESTERO,16726
2018-07-01,TIERRA DEL FUEGO,41250
2018-07-01,TUCUMAN,17030
2018-08-01,BUENOS AIRES,26955
2018-08-01,CAPITAL FEDERAL,29452
2018-08-01,CATAMARCA,20940
2018-08-01,CHACO,23411
2018-08-01,CHUBUT,34934
2018-08-01,CORDOBA,26291
2018-08-01,CORRIENTES,23131
2018-08-01,ENTRE RIOS,24268
2018-08-01,FORMOSA,23390
2018-08-01,JUJUY,18854
2018-08-01,LA PAMPA,27187
2018-08-01,LA RIOJA,19441
2018-08-01,MENDOZA,22404
2018-08-01,MISIONES,21431
2018-08-01,NEUQUEN,36181
2018-08-01,RIO NEGRO,25827
2018-08-01,SALTA,23251
2018-08-01,SAN JUAN,23352
2018-08-01,SAN LUIS,24187
2018-08-01,SANTA CRUZ,45149
2018-08-01,SANTA FE,26274
2018-08-01,SANTIAGO DEL ESTERO,17036
2018-08-01,TIERRA DEL FUEGO,42378
2018-08-01,TUCUMAN,17398
2018-09-01,BUENOS AIRES,26786
2018-09-01,CAPITAL FEDERAL,30000
2018-09-01,CATAMARCA,21352
2018-09-01,CHACO,23970
2018-09-01,CHUBUT,34892
2018-09-01,CORDOBA,26364
2018-09-01,CORRIENTES,23474
2018-09-01,ENTRE RIOS,24767
2018-09-01,FORMOSA,23106
2018-09-01,JUJUY,19091
2018-09-01,LA PAMPA,28420
2018-09-01,LA RIOJA,19692
2018-09-01,MENDOZA,22545
2018-09-01,MISIONES,21960
2018-09-01,NEUQUEN,36605
2018-09-01,RIO NEGRO,26243
2018-09-01,SALTA,23551
2018-09-01,SAN JUAN,23933
2018-09-01,SAN LUIS,24241
2018-09-01,SANTA CRUZ,45426
2018-09-01,SANTA FE,26445
2018-09-01,SANTIAGO DEL ESTERO,16846
2018-09-01,TIERRA DEL FUEGO,42426
2018-09-01,TUCUMAN,18649
2018-10-01,BUENOS AIRES,28833
2018-10-01,CAPITAL FEDERAL,31406
2018-10-01,CATAMARCA,22249
2018-10-01,CHACO,25045
2018-10-01,CHUBUT,36927
2018-10-01,CORDOBA,28318
2018-10-01,CORRIENTES,23679
2018-10-01,ENTRE RIOS,25117
2018-10-01,FORMOSA,24202
2018-10-01,JUJUY,19264
2018-10-01,LA PAMPA,29334
2018-10-01,LA RIOJA,20312
2018-10-01,MENDOZA,23529
2018-10-01,MISIONES,23032
2018-10-01,NEUQUEN,40089
2018-10-01,RIO NEGRO,27533
2018-10-01,SALTA,24268
2018-10-01,SAN JUAN,24968
2018-10-01,SAN LUIS,24779
2018-10-01,SANTA CRUZ,47636
2018-10-01,SANTA FE,28056
2018-10-01,SANTIAGO DEL ESTERO,16945
2018-10-01,TIERRA DEL FUEGO,43620
2018-10-01,TUCUMAN,21044
2018-11-01,BUENOS AIRES,30134
2018-11-01,CAPITAL FEDERAL,33075
2018-11-01,CATAMARCA,23220
2018-11-01,CHACO,25641
2018-11-01,CHUBUT,39755
2018-11-01,CORDOBA,29602
2018-11-01,CORRIENTES,23763
2018-11-01,ENTRE RIOS,25858
2018-11-01,FORMOSA,24355
2018-11-01,JUJUY,19181
2018-11-01,LA PAMPA,31695
2018-11-01,LA RIOJA,22339
2018-11-01,MENDOZA,24705
2018-11-01,MISIONES,23713
2018-11-01,NEUQUEN,40858
2018-11-01,RIO NEGRO,27833
2018-11-01,SALTA,25055
2018-11-01,SAN JUAN,26085
2018-11-01,SAN LUIS,25985
2018-11-01,SANTA CRUZ,49030
2018-11-01,SANTA FE,29804
2018-11-01,SANTIAGO DEL ESTERO,17147
2018-11-01,TIERRA DEL FUEGO,44569
2018-11-01,TUCUMAN,21244
2018-12-01,BUENOS AIRES,44239
2018-12-01,CAPITAL FEDERAL,49071
2018-12-01,CATAMARCA,35855
2018-12-01,CHACO,36420
2018-12-01,CHUBUT,51506
2018-12-01,CORDOBA,43006
2018-12-01,CORRIENTES,35518
2018-12-01,ENTRE RIOS,39411
2018-12-01,FORMOSA,36756
2018-12-01,JUJUY,28116
2018-12-01,LA PAMPA,45653
2018-12-01,LA RIOJA,32735
2018-12-01,MENDOZA,35117
2018-12-01,MISIONES,30624
2018-12-01,NEUQUEN,59742
2018-12-01,RIO NEGRO,40441
2018-12-01,SALTA,37955
2018-12-01,SAN JUAN,38882
2018-12-01,SAN LUIS,40496
2018-12-01,SANTA CRUZ,69860
2018-12-01,SANTA FE,43023
2018-12-01,SANTIAGO DEL ESTERO,24890
2018-12-01,TIERRA DEL FUEGO,59595
2018-12-01,TUCUMAN,31079
2019-01-01,BUENOS AIRES,31740
2019-01-01,CAPITAL FEDERAL,35601
2019-01-01,CATAMARCA,24591
2019-01-01,CHACO,26390
2019-01-01,CHUBUT,42284
2019-01-01,CORDOBA,30671
2019-01-01,CORRIENTES,24476
2019-01-01,ENTRE RIOS,28935
2019-01-01,FORMOSA,25168
2019-01-01,JUJUY,19960
2019-01-01,LA PAMPA,35691
2019-01-01,LA RIOJA,22840
2019-01-01,MENDOZA,26508
2019-01-01,MISIONES,25661
2019-01-01,NEUQUEN,44812
2019-01-01,RIO NEGRO,28424
2019-01-01,SALTA,26906
2019-01-01,SAN JUAN,28383
2019-01-01,SAN LUIS,28446
2019-01-01,SANTA CRUZ,49953
2019-01-01,SANTA FE,32002
2019-01-01,SANTIAGO DEL ESTERO,17692
2019-01-01,TIERRA DEL FUEGO,44379
2019-01-01,TUCUMAN,24044
2019-02-01,BUENOS AIRES,31176
2019-02-01,CAPITAL FEDERAL,35352
2019-02-01,CATAMARCA,24275
2019-02-01,CHACO,25846
2019-02-01,CHUBUT,41854
2019-02-01,CORDOBA,30520
2019-02-01,CORRIENTES,24194
2019-02-01,ENTRE RIOS,27661
2019-02-01,FORMOSA,24929
2019-02-01,JUJUY,20064
2019-02-01,LA PAMPA,35673
2019-02-01,LA RIOJA,21133
2019-02-01,MENDOZA,26399
2019-02-01,MISIONES,26500
2019-02-01,NEUQUEN,44448
2019-02-01,RIO NEGRO,30295
2019-02-01,SALTA,27790
2019-02-01,SAN JUAN,27612
2019-02-01,SAN LUIS,28091
2019-02-01,SANTA CRUZ,50150
2019-02-01,SANTA FE,31611
2019-02-01,SANTIAGO DEL ESTERO,21339
2019-02-01,TIERRA DEL FUEGO,44754
2019-02-01,TUCUMAN,23408
2019-03-01,BUENOS AIRES,32626
2019-03-01,CAPITAL FEDERAL,36573
2019-03-01,CATAMARCA,26984
2019-03-01,CHACO,27495
2019-03-01,CHUBUT,44623
2019-03-01,CORDOBA,32352
2019-03-01,CORRIENTES,28427
2019-03-01,ENTRE RIOS,30002
2019-03-01,FORMOSA,28316
2019-03-01,JUJUY,22170
2019-03-01,LA PAMPA,36102
2019-03-01,LA RIOJA,23906
2019-03-01,MENDOZA,26344
2019-03-01,MISIONES,26618
2019-03-01,NEUQUEN,44754
2019-03-01,RIO NEGRO,32220
2019-03-01,SALTA,30100
2019-03-01,SAN JUAN,29664
2019-03-01,SAN LUIS,30183
2019-03-01,SANTA CRUZ,52580
2019-03-01,SANTA FE,32589
2019-03-01,SANTIAGO DEL ESTERO,21596
2019-03-01,TIERRA DEL FUEGO,50242
2019-03-01,TUCUMAN,23533
2019-04-01,BUENOS AIRES,33571
2019-04-01,CAPITAL FEDERAL,37291
2019-04-01,CATAMARCA,27399
2019-04-01,CHACO,28342
2019-04-01,CHUBUT,49506
2019-04-01,CORDOBA,33117
2019-04-01,CORRIENTES,28735
2019-04-01,ENTRE RIOS,30388
2019-04-01,FORMOSA,29240
2019-04-01,JUJUY,23509
2019-04-01,LA PAMPA,36452
2019-04-01,LA RIOJA,24924
2019-04-01,MENDOZA,27632
2019-04-01,MISIONES,26413
2019-04-01,NEUQUEN,47877
2019-04-01,RIO NEGRO,32734
2019-04-01,SALTA,30478
2019-04-01,SAN JUAN,30608
2019-04-01,SAN LUIS,30654
2019-04-01,SANTA CRUZ,55920
2019-04-01,SANTA FE,35514
2019-04-01,SANTIAGO DEL ESTERO,21799
2019-04-01,TIERRA DEL FUEGO,50952
2019-04-01,TUCUMAN,22394
2019-05-01,BUENOS AIRES,34980
2019-05-01,CAPITAL FEDERAL,38563
2019-05-01,CATAMARCA,27722
2019-05-01,CHACO,28953
2019-05-01,CHUBUT,49810
2019-05-01,CORDOBA,34716
2019-05-01,CORRIENTES,29473
2019-05-01,ENTRE RIOS,32971
2019-05-01,FORMOSA,29546
2019-05-01,JUJUY,25373
2019-05-01,LA PAMPA,37810
2019-05-01,LA RIOJA,25834
2019-05-01,MENDOZA,29845
2019-05-01,MISIONES,27413
2019-05-01,NEUQUEN,50152
2019-05-01,RIO NEGRO,32217
2019-05-01,SALTA,31505
2019-05-01,SAN JUAN,32036
2019-05-01,SAN LUIS,32018
2019-05-01,SANTA CRUZ,58744
2019-05-01,SANTA FE,35853
2019-05-01,SANTIAGO DEL ESTERO,22434
2019-05-01,TIERRA DEL FUEGO,52580
2019-05-01,TUCUMAN,23119
2019-06-01,BUENOS AIRES,49716
2019-06-01,CAPITAL FEDERAL,57410
2019-06-01,CATAMARCA,42461
2019-06-01,CHACO,41701
2019-06-01,CHUBUT,65484
2019-06-01,CORDOBA,50968
2019-06-01,CORRIENTES,43791
2019-06-01,ENTRE RIOS,46831
2019-06-01,FORMOSA,44630
2019-06-01,JUJUY,36368
2019-06-01,LA PAMPA,55377
2019-06-01,LA RIOJA,37954
2019-06-01,MENDOZA,42352
2019-06-01,MISIONES,34680
2019-06-01,NEUQUEN,71358
2019-06-01,RIO NEGRO,48956
2019-06-01,SALTA,47311
2019-06-01,SAN JUAN,46239
2019-06-01,SAN LUIS,46767
2019-06-01,SANTA CRUZ,84706
2019-06-01,SANTA FE,52098
2019-06-01,SANTIAGO DEL ESTERO,32401
2019-06-01,TIERRA DEL FUEGO,68147
2019-06-01,TUCUMAN,34011
2019-07-01,BUENOS AIRES,37606
2019-07-01,CAPITAL FEDERAL,41359
2019-07-01,CATAMARCA,29935
2019-07-01,CHACO,31173
2019-07-01,CHUBUT,52598
2019-07-01,CORDOBA,36470
2019-07-01,CORRIENTES,30360
2019-07-01,ENTRE RIOS,35296
2019-07-01,FORMOSA,32897
2019-07-01,JUJUY,26422
2019-07-01,LA PAMPA,40175
2019-07-01,LA RIOJA,28008
2019-07-01,MENDOZA,31576
2019-07-01,MISIONES,27893
2019-07-01,NEUQUEN,54161
2019-07-01,RIO NEGRO,35521
2019-07-01,SALTA,34115
2019-07-01,SAN JUAN,33175
2019-07-01,SAN LUIS,34310
2019-07-01,SANTA CRUZ,63232
2019-07-01,SANTA FE,37493
2019-07-01,SANTIAGO DEL ESTERO,22839
2019-07-01,TIERRA DEL FUEGO,55193
2019-07-01,TUCUMAN,27464
2019-08-01,BUENOS AIRES,38300
2019-08-01,CAPITAL FEDERAL,42716
2019-08-01,CATAMARCA,31472
2019-08-01,CHACO,32756
2019-08-01,CHUBUT,53036
2019-08-01,CORDOBA,37177
2019-08-01,CORRIENTES,30642
2019-08-01,ENTRE RIOS,35690
2019-08-01,FORMOSA,33137
2019-08-01,JUJUY,27035
2019-08-01,LA PAMPA,41193
2019-08-01,LA RIOJA,28816
2019-08-01,MENDOZA,33305
2019-08-01,MISIONES,29014
2019-08-01,NEUQUEN,55285
2019-08-01,RIO NEGRO,36723
2019-08-01,SALTA,35188
2019-08-01,SAN JUAN,34603
2019-08-01,SAN LUIS,34965
2019-08-01,SANTA CRUZ,68149
2019-08-01,SANTA FE,38344
2019-08-01,SANTIAGO DEL ESTERO,22464
2019-08-01,TIERRA DEL FUEGO,56171
2019-08-01,TUCUMAN,27029
2019-09-01,BUENOS AIRES,39672
2019-09-01,CAPITAL FEDERAL,44201
2019-09-01,CATAMARCA,32125
2019-09-01,CHACO,33963
2019-09-01,CHUBUT,53337
2019-09-01,CORDOBA,38380
2019-09-01,CORRIENTES,33122
2019-09-01,ENTRE RIOS,36074
2019-09-01,FORMOSA,34707
2019-09-01,JUJUY,27851
2019-09-01,LA PAMPA,43416
2019-09-01,LA RIOJA,29317
2019-09-01,MENDOZA,34755
2019-09-01,MISIONES,30059
2019-09-01,NEUQUEN,55851
2019-09-01,RIO NEGRO,37798
2019-09-01,SALTA,36334
2019-09-01,SAN JUAN,35892
2019-09-01,SAN LUIS,37412
2019-09-01,SANTA CRUZ,66455
2019-09-01,SANTA FE,39580
2019-09-01,SANTIAGO DEL ESTERO,22969
2019-09-01,TIERRA DEL FUEGO,56342
2019-09-01,TUCUMAN,27369
2019-10-01,BUENOS AIRES,41393
2019-10-01,CAPITAL FEDERAL,47149
2019-10-01,CATAMARCA,33956
2019-10-01,CHACO,34878
2019-10-01,CHUBUT,54472
2019-10-01,CORDOBA,39804
2019-10-01,CORRIENTES,35637
2019-10-01,ENTRE RIOS,36650
2019-10-01,FORMOSA,35023
2019-10-01,JUJUY,29793
2019-10-01,LA PAMPA,45422
2019-10-01,LA RIOJA,30786
2019-10-01,MENDOZA,35637
2019-10-01,MISIONES,31252
2019-10-01,NEUQUEN,60891
2019-10-01,RIO NEGRO,39300
2019-10-01,SALTA,37510
2019-10-01,SAN JUAN,37794
2019-10-01,SAN LUIS,39824
2019-10-01,SANTA CRUZ,71139
2019-10-01,SANTA FE,41400
2019-10-01,SANTIAGO DEL ESTERO,23367
2019-10-01,TIERRA DEL FUEGO,57429
2019-10-01,TUCUMAN,32904
2019-11-01,BUENOS AIRES,41877
2019-11-01,CAPITAL FEDERAL,46624
2019-11-01,CATAMARCA,34740
2019-11-01,CHACO,35809
2019-11-01,CHUBUT,58515
2019-11-01,CORDOBA,40201
2019-11-01,CORRIENTES,35822
2019-11-01,ENTRE RIOS,38311
2019-11-01,FORMOSA,35638
2019-11-01,JUJUY,29819
2019-11-01,LA PAMPA,46038
2019-11-01,LA RIOJA,30742
2019-11-01,MENDOZA,36259
2019-11-01,MISIONES,31370
2019-11-01,NEUQUEN,61771
2019-11-01,RIO NEGRO,38956
2019-11-01,SALTA,38311
2019-11-01,SAN JUAN,39012
2019-11-01,SAN LUIS,39544
2019-11-01,SANTA CRUZ,69673
2019-11-01,SANTA FE,41998
2019-11-01,SANTIAGO DEL ESTERO,23458
2019-11-01,TIERRA DEL FUEGO,66325
2019-11-01,TUCUMAN,31961
2019-12-01,BUENOS AIRES,60104
2019-12-01,CAPITAL FEDERAL,69336
2019-12-01,CATAMARCA,53171
2019-12-01,CHACO,50205
2019-12-01,CHUBUT,78182
2019-12-01,CORDOBA,60080
2019-12-01,CORRIENTES,52325
2019-12-01,ENTRE RIOS,56263
2019-12-01,FORMOSA,48662
2019-12-01,JUJUY,41696
2019-12-01,LA PAMPA,67751
2019-12-01,LA RIOJA,43902
2019-12-01,MENDOZA,52030
2019-12-01,MISIONES,40377
2019-12-01,NEUQUEN,90307
2019-12-01,RIO NEGRO,57272
2019-12-01,SALTA,57813
2019-12-01,SAN JUAN,58401
2019-12-01,SAN LUIS,58345
2019-12-01,SANTA CRUZ,101869
2019-12-01,SANTA FE,62245
2019-12-01,SANTIAGO DEL ESTERO,34267
2019-12-01,TIERRA DEL FUEGO,76240
2019-12-01,TUCUMAN,46518
2020-01-01,BUENOS AIRES,45953
2020-01-01,CAPITAL FEDERAL,51424
2020-01-01,CATAMARCA,37083
2020-01-01,CHACO,36628
2020-01-01,CHUBUT,63484
2020-01-01,CORDOBA,44261
2020-01-01,CORRIENTES,36539
2020-01-01,ENTRE RIOS,42007
2020-01-01,FORMOSA,36274
2020-01-01,JUJUY,30133
2020-01-01,LA PAMPA,54031
2020-01-01,LA RIOJA,31596
2020-01-01,MENDOZA,40668
2020-01-01,MISIONES,32183
2020-01-01,NEUQUEN,68114
2020-01-01,RIO NEGRO,40131
2020-01-01,SALTA,40981
2020-01-01,SAN JUAN,44000
2020-01-01,SAN LUIS,41922
2020-01-01,SANTA CRUZ,74289
2020-01-01,SANTA FE,47060
2020-01-01,SANTIAGO DEL ESTERO,24367
2020-01-01,TIERRA DEL FUEGO,57772
2020-01-01,TUCUMAN,33552
2020-02-01,BUENOS AIRES,46954
2020-02-01,CAPITAL FEDERAL,53266
2020-02-01,CATAMARCA,37499
2020-02-01,CHACO,36846
2020-02-01,CHUBUT,65158
2020-02-01,CORDOBA,44884
2020-02-01,CORRIENTES,37153
2020-02-01,ENTRE RIOS,43534
2020-02-01,FORMOSA,36334
2020-02-01,JUJUY,31285
2020-02-01,LA PAMPA,53229
2020-02-01,LA RIOJA,29607
2020-02-01,MENDOZA,41010
2020-02-01,MISIONES,35745
2020-02-01,NEUQUEN,68448
2020-02-01,RIO NEGRO,45182
2020-02-01,SALTA,42261
2020-02-01,SAN JUAN,45129
2020-02-01,SAN LUIS,42399
2020-02-01,SANTA CRUZ,75192
2020-02-01,SANTA FE,47877
2020-02-01,SANTIAGO DEL ESTERO,24517
2020-02-01,TIERRA DEL FUEGO,64298
2020-02-01,TUCUMAN,34309
2020-03-01,BUENOS AIRES,48534
2020-03-01,CAPITAL FEDERAL,54000
2020-03-01,CATAMARCA,37753
2020-03-01,CHACO,38622
2020-03-01,CHUBUT,65289
2020-03-01,CORDOBA,46258
2020-03-01,CORRIENTES,39564
2020-03-01,ENTRE RIOS,44876
2020-03-01,FORMOSA,39059
2020-03-01,JUJUY,31019
2020-03-01,LA PAMPA,52183
2020-03-01,LA RIOJA,29883
2020-03-01,MENDOZA,39675
2020-03-01,MISIONES,36276
2020-03-01,NEUQUEN,67860
2020-03-01,RIO NEGRO,46572
2020-03-01,SALTA,46171
2020-03-01,SAN JUAN,45634
2020-03-01,SAN LUIS,45570
2020-03-01,SANTA CRUZ,78703
2020-03-01,SANTA FE,48981
2020-03-01,SANTIAGO DEL ESTERO,31690
2020-03-01,TIERRA DEL FUEGO,65522
2020-03-01,TUCUMAN,33399
2020-04-01,BUENOS AIRES,47380
2020-04-01,CAPITAL FEDERAL,53468
2020-04-01,CATAMARCA,36973
2020-04-01,CHACO,39331
2020-04-01,CHUBUT,64039
2020-04-01,CORDOBA,46185
2020-04-01,CORRIENTES,42293
2020-04-01,ENTRE RIOS,44815
2020-04-01,FORMOSA,40130
2020-04-01,JUJUY,31013
2020-04-01,LA PAMPA,51854
2020-04-01,LA RIOJA,30634
2020-04-01,MENDOZA,39871
2020-04-01,MISIONES,35000
2020-04-01,NEUQUEN,64081
2020-04-01,RIO NEGRO,44396
2020-04-01,SALTA,45367
2020-04-01,SAN JUAN,45453
2020-04-01,SAN LUIS,44675
2020-04-01,SANTA CRUZ,71059
2020-04-01,SANTA FE,48490
2020-04-01,SANTIAGO DEL ESTERO,30431
2020-04-01,TIERRA DEL FUEGO,60483
2020-04-01,TUCUMAN,32406
2020-05-01,BUENOS AIRES,47721
2020-05-01,CAPITAL FEDERAL,53565
2020-05-01,CATAMARCA,37782
2020-05-01,CHACO,39622
2020-05-01,CHUBUT,64995
2020-05-01,CORDOBA,46565
2020-05-01,CORRIENTES,42574
2020-05-01,ENTRE RIOS,45187
2020-05-01,FORMOSA,39989
2020-05-01,JUJUY,31396
2020-05-01,LA PAMPA,52504
2020-05-01,LA RIOJA,31359
2020-05-01,MENDOZA,40832
2020-05-01,MISIONES,35434
2020-05-01,NEUQUEN,64188
2020-05-01,RIO NEGRO,44954
2020-05-01,SALTA,46654
2020-05-01,SAN JUAN,46018
2020-05-01,SAN LUIS,46140
2020-05-01,SANTA CRUZ,74360
2020-05-01,SANTA FE,49063
2020-05-01,SANTIAGO DEL ESTERO,31646
2020-05-01,TIERRA DEL FUEGO,65477
2020-05-01,TUCUMAN,33529
2020-06-01,BUENOS AIRES,72226
2020-06-01,CAPITAL FEDERAL,79801
2020-06-01,CATAMARCA,56422
2020-06-01,CHACO,57684
2020-06-01,CHUBUT,87770
2020-06-01,CORDOBA,70472
2020-06-01,CORRIENTES,62112
2020-06-01,ENTRE RIOS,64890
2020-06-01,FORMOSA,56417
2020-06-01,JUJUY,46675
2020-06-01,LA PAMPA,77785
2020-06-01,LA RIOJA,46875
2020-06-01,MENDOZA,53862
2020-06-01,MISIONES,45951
2020-06-01,NEUQUEN,95495
2020-06-01,RIO NEGRO,64632
2020-06-01,SALTA,69894
2020-06-01,SAN JUAN,68581
2020-06-01,SAN LUIS,69586
2020-06-01,SANTA CRUZ,102984
2020-06-01,SANTA FE,73099
2020-06-01,SANTIAGO DEL ESTERO,46845
2020-06-01,TIERRA DEL FUEGO,84710
2020-06-01,TUCUMAN,48601
2020-07-01,BUENOS AIRES,49856
2020-07-01,CAPITAL FEDERAL,55103
2020-07-01,CATAMARCA,38963
2020-07-01,CHACO,39744
2020-07-01,CHUBUT,69394
2020-07-01,CORDOBA,48560
2020-07-01,CORRIENTES,45533
2020-07-01,ENTRE RIOS,46390
2020-07-01,FORMOSA,40563
2020-07-01,JUJUY,33594
2020-07-01,LA PAMPA,55499
2020-07-01,LA RIOJA,34513
2020-07-01,MENDOZA,42244
2020-07-01,MISIONES,36567
2020-07-01,NEUQUEN,66753
2020-07-01,RIO NEGRO,44950
2020-07-01,SALTA,50480
2020-07-01,SAN JUAN,46843
2020-07-01,SAN LUIS,48426
2020-07-01,SANTA CRUZ,76237
2020-07-01,SANTA FE,50540
2020-07-01,SANTIAGO DEL ESTERO,32554
2020-07-01,TIERRA DEL FUEGO,73808
2020-07-01,TUCUMAN,35202
2020-08-01,BUENOS AIRES,50729
2020-08-01,CAPITAL FEDERAL,56646
2020-08-01,CATAMARCA,39504
2020-08-01,CHACO,40546
2020-08-01,CHUBUT,70500
2020-08-01,CORDOBA,49862
2020-08-01,CORRIENTES,45507
2020-08-01,ENTRE RIOS,46371
2020-08-01,FORMOSA,44789
2020-08-01,JUJUY,33431
2020-08-01,LA PAMPA,55774
2020-08-01,LA RIOJA,34215
2020-08-01,MENDOZA,42585
2020-08-01,MISIONES,36943
2020-08-01,NEUQUEN,66960
2020-08-01,RIO NEGRO,45499
2020-08-01,SALTA,51056
2020-08-01,SAN JUAN,47014
2020-08-01,SAN LUIS,48666
2020-08-01,SANTA CRUZ,77913
2020-08-01,SANTA FE,50955
2020-08-01,SANTIAGO DEL ESTERO,32599
2020-08-01,TIERRA DEL FUEGO,69586
2020-08-01,TUCUMAN,34678
2020-09-01,BUENOS AIRES,51990
2020-09-01,CAPITAL FEDERAL,57631
2020-09-01,CATAMARCA,40160
2020-09-01,CHACO,42979
2020-09-01,CHUBUT,70282
2020-09-01,CORDOBA,50044
2020-09-01,CORRIENTES,45749
2020-09-01,ENTRE RIOS,46670
2020-09-01,FORMOSA,43754
2020-09-01,JUJUY,33737
2020-09-01,LA PAMPA,57134
2020-09-01,LA RIOJA,35026
2020-09-01,MENDOZA,46466
2020-09-01,MISIONES,44302
2020-09-01,NEUQUEN,67906
2020-09-01,RIO NEGRO,49263
2020-09-01,SALTA,51230
2020-09-01,SAN JUAN,47485
2020-09-01,SAN LUIS,49622
2020-09-01,SANTA CRUZ,81109
2020-09-01,SANTA FE,52699
2020-09-01,SANTIAGO DEL ESTERO,32888
2020-09-01,TIERRA DEL FUEGO,75785
2020-09-01,TUCUMAN,36199
2020-10-01,BUENOS AIRES,56324
2020-10-01,CAPITAL FEDERAL,60570
2020-10-01,CATAMARCA,43744
2020-10-01,CHACO,43975
2020-10-01,CHUBUT,73457
2020-10-01,CORDOBA,53043
2020-10-01,CORRIENTES,50310
2020-10-01,ENTRE RIOS,49592
2020-10-01,FORMOSA,44130
2020-10-01,JUJUY,34955
2020-10-01,LA PAMPA,60001
2020-10-01,LA RIOJA,35782
2020-10-01,MENDOZA,46443
2020-10-01,MISIONES,46430
2020-10-01,NEUQUEN,70433
2020-10-01,RIO NEGRO,53014
2020-10-01,SALTA,53829
2020-10-01,SAN JUAN,50538
2020-10-01,SAN LUIS,52491
2020-10-01,SANTA CRUZ,89549
2020-10-01,SANTA FE,57242
2020-10-01,SANTIAGO DEL ESTERO,33285
2020-10-01,TIERRA DEL FUEGO,79725
2020-10-01,TUCUMAN,38112
2020-11-01,BUENOS AIRES,56363
2020-11-01,CAPITAL FEDERAL,61577
2020-11-01,CATAMARCA,44105
2020-11-01,CHACO,44156
2020-11-01,CHUBUT,74389
2020-11-01,CORDOBA,54902
2020-11-01,CORRIENTES,50948
2020-11-01,ENTRE RIOS,50690
2020-11-01,FORMOSA,45863
2020-11-01,JUJUY,36164
2020-11-01,LA PAMPA,61044
2020-11-01,LA RIOJA,35940
2020-11-01,MENDOZA,45054
2020-11-01,MISIONES,47337
2020-11-01,NEUQUEN,72304
2020-11-01,RIO NEGRO,53359
2020-11-01,SALTA,52942
2020-11-01,SAN JUAN,51721
2020-11-01,SAN LUIS,53762
2020-11-01,SANTA CRUZ,92307
2020-11-01,SANTA FE,56344
2020-11-01,SANTIAGO DEL ESTERO,33160
2020-11-01,TIERRA DEL FUEGO,82569
2020-11-01,TUCUMAN,38577
2020-12-01,BUENOS AIRES,84213
2020-12-01,CAPITAL FEDERAL,92904
2020-12-01,CATAMARCA,69939
2020-12-01,CHACO,64448
2020-12-01,CHUBUT,101217
2020-12-01,CORDOBA,80959
2020-12-01,CORRIENTES,75285
2020-12-01,ENTRE RIOS,74055
2020-12-01,FORMOSA,69535
2020-12-01,JUJUY,52902
2020-12-01,LA PAMPA,91563
2020-12-01,LA RIOJA,53301
2020-12-01,MENDOZA,65941
2020-12-01,MISIONES,62112
2020-12-01,NEUQUEN,106263
2020-12-01,RIO NEGRO,78940
2020-12-01,SALTA,78643
2020-12-01,SAN JUAN,76983
2020-12-01,SAN LUIS,80318
2020-12-01,SANTA CRUZ,133986
2020-12-01,SANTA FE,83369
2020-12-01,SANTIAGO DEL ESTERO,49320
2020-12-01,TIERRA DEL FUEGO,112948
2020-12-01,TUCUMAN,56234
2021-01-01,BUENOS AIRES,60994
2021-01-01,CAPITAL FEDERAL,66815
2021-01-01,CATAMARCA,48000
2021-01-01,CHACO,46775
2021-01-01,CHUBUT,80028
2021-01-01,CORDOBA,57638
2021-01-01,CORRIENTES,56281
2021-01-01,ENTRE RIOS,53435
2021-01-01,FORMOSA,42919
2021-01-01,JUJUY,38676
2021-01-01,LA PAMPA,69953
2021-01-01,LA RIOJA,36405
2021-01-01,MENDOZA,47655
2021-01-01,MISIONES,48688
2021-01-01,NEUQUEN,77190
2021-01-01,RIO NEGRO,54594
2021-01-01,SALTA,55008
2021-01-01,SAN JUAN,54649
2021-01-01,SAN LUIS,56598
2021-01-01,SANTA CRUZ,98396
2021-01-01,SANTA FE,62634
2021-01-01,SANTIAGO DEL ESTERO,33885
2021-01-01,TIERRA DEL FUEGO,84272
2021-01-01,TUCUMAN,40111
2021-02-01,BUENOS AIRES,62843
2021-02-01,CAPITAL FEDERAL,69076
2021-02-01,CATAMARCA,49172
2021-02-01,CHACO,47446
2021-02-01,CHUBUT,81071
2021-02-01,CORDOBA,59542
2021-02-01,CORRIENTES,57739
2021-02-01,ENTRE RIOS,57385
2021-02-01,FORMOSA,48779
2021-02-01,JUJUY,39052
2021-02-01,LA PAMPA,69157
2021-02-01,LA RIOJA,39568
2021-02-01,MENDOZA,48563
2021-02-01,MISIONES,56405
2021-02-01,NEUQUEN,77498
2021-02-01,RIO NEGRO,60792
2021-02-01,SALTA,58529
2021-02-01,SAN JUAN,54956
2021-02-01,SAN LUIS,57980
2021-02-01,SANTA CRUZ,98579
2021-02-01,SANTA FE,63302
2021-02-01,SANTIAGO DEL ESTERO,44823
2021-02-01,TIERRA DEL FUEGO,87545
2021-02-01,TUCUMAN,41165
2021-03-01,BUENOS AIRES,65313
2021-03-01,CAPITAL FEDERAL,71599
2021-03-01,CATAMARCA,74757
2021-03-01,CHACO,52518
2021-03-01,CHUBUT,82768
2021-03-01,CORDOBA,64283
2021-03-01,CORRIENTES,57953
2021-03-01,ENTRE RIOS,59088
2021-03-01,FORMOSA,54834
2021-03-01,JUJUY,40996
2021-03-01,LA PAMPA,72542
2021-03-01,LA RIOJA,40794
2021-03-01,MENDOZA,50058
2021-03-01,MISIONES,57837
2021-03-01,NEUQUEN,84665
2021-03-01,RIO NEGRO,63327
2021-03-01,SALTA,62172
2021-03-01,SAN JUAN,61830
2021-03-01,SAN LUIS,63294
2021-03-01,SANTA CRUZ,103671
2021-03-01,SANTA FE,68142
2021-03-01,SANTIAGO DEL ESTERO,45810
2021-03-01,TIERRA DEL FUEGO,94594
2021-03-01,TUCUMAN,46019
2021-04-01,BUENOS AIRES,68811
2021-04-01,CAPITAL FEDERAL,73942
2021-04-01,CATAMARCA,54319
2021-04-01,CHACO,54051
2021-04-01,CHUBUT,85955
2021-04-01,CORDOBA,64890
2021-04-01,CORRIENTES,58648
2021-04-01,ENTRE RIOS,60000
2021-04-01,FORMOSA,56471
2021-04-01,JUJUY,43786
2021-04-01,LA PAMPA,74290
2021-04-01,LA RIOJA,42559
2021-04-01,MENDOZA,53090
2021-04-01,MISIONES,58061
2021-04-01,NEUQUEN,86524
2021-04-01,RIO NEGRO,64695
2021-04-01,SALTA,63460
2021-04-01,SAN JUAN,63759
2021-04-01,SAN LUIS,64143
2021-04-01,SANTA CRUZ,111230
2021-04-01,SANTA FE,70000
2021-04-01,SANTIAGO DEL ESTERO,46815
2021-04-01,TIERRA DEL FUEGO,105652
2021-04-01,TUCUMAN,45347
2021-05-01,BUENOS AIRES,70854
2021-05-01,CAPITAL FEDERAL,76509
2021-05-01,CATAMARCA,55148
2021-05-01,CHACO,54746
2021-05-01,CHUBUT,88824
2021-05-01,CORDOBA,67947
2021-05-01,CORRIENTES,60392
2021-05-01,ENTRE RIOS,63951
2021-05-01,FORMOSA,56933
2021-05-01,JUJUY,44562
2021-05-01,LA PAMPA,76509
2021-05-01,LA RIOJA,43191
2021-05-01,MENDOZA,54826
2021-05-01,MISIONES,67465
2021-05-01,NEUQUEN,93866
2021-05-01,RIO NEGRO,66707
2021-05-01,SALTA,66612
2021-05-01,SAN JUAN,67452
2021-05-01,SAN LUIS,64812
2021-05-01,SANTA CRUZ,119960
2021-05-01,SANTA FE,71738
2021-05-01,SANTIAGO DEL ESTERO,46945
2021-05-01,TIERRA DEL FUEGO,105082
2021-05-01,TUCUMAN,46538
2021-06-01,BUENOS AIRES,104428
2021-06-01,CAPITAL FEDERAL,113738
2021-06-01,CATAMARCA,84892
2021-06-01,CHACO,80874
2021-06-01,CHUBUT,119898
2021-06-01,CORDOBA,100334
2021-06-01,CORRIENTES,86877
2021-06-01,ENTRE RIOS,92275
2021-06-01,FORMOSA,82465
2021-06-01,JUJUY,64471
2021-06-01,LA PAMPA,111525
2021-06-01,LA RIOJA,64605
2021-06-01,MENDOZA,77697
2021-06-01,MISIONES,70236
2021-06-01,NEUQUEN,117980
2021-06-01,RIO NEGRO,95020
2021-06-01,SALTA,97520
2021-06-01,SAN JUAN,98797
2021-06-01,SAN LUIS,96502
2021-06-01,SANTA CRUZ,165355
2021-06-01,SANTA FE,107657
2021-06-01,SANTIAGO DEL ESTERO,68232
2021-06-01,TIERRA DEL FUEGO,142794
2021-06-01,TUCUMAN,66113
2021-07-01,BUENOS AIRES,76778
2021-07-01,CAPITAL FEDERAL,83268
2021-07-01,CATAMARCA,58214
2021-07-01,CHACO,62489
2021-07-01,CHUBUT,96161
2021-07-01,CORDOBA,70852
2021-07-01,CORRIENTES,65148
2021-07-01,ENTRE RIOS,69032
2021-07-01,FORMOSA,62127
2021-07-01,JUJUY,48375
2021-07-01,LA PAMPA,82131
2021-07-01,LA RIOJA,45037
2021-07-01,MENDOZA,58758
2021-07-01,MISIONES,67734
2021-07-01,NEUQUEN,101286
2021-07-01,RIO NEGRO,70049
2021-07-01,SALTA,72239
2021-07-01,SAN JUAN,70580
2021-07-01,SAN LUIS,72350
2021-07-01,SANTA CRUZ,126238
2021-07-01,SANTA FE,76366
2021-07-01,SANTIAGO DEL ESTERO,48091
2021-07-01,TIERRA DEL FUEGO,114336
2021-07-01,TUCUMAN,50623
2021-08-01,BUENOS AIRES,79498
2021-08-01,CAPITAL FEDERAL,86321
2021-08-01,CATAMARCA,61734
2021-08-01,CHACO,64757
2021-08-01,CHUBUT,99168
2021-08-01,CORDOBA,73831
2021-08-01,CORRIENTES,67839
2021-08-01,ENTRE RIOS,70598
2021-08-01,FORMOSA,63786
2021-08-01,JUJUY,49285
2021-08-01,LA PAMPA,84068
2021-08-01,LA RIOJA,45829
2021-08-01,MENDOZA,61524
2021-08-01,MISIONES,70573
2021-08-01,NEUQUEN,103827
2021-08-01,RIO NEGRO,80835
2021-08-01,SALTA,75457
2021-08-01,SAN JUAN,73352
2021-08-01,SAN LUIS,73266
2021-08-01,SANTA CRUZ,132247
2021-08-01,SANTA FE,78829
2021-08-01,SANTIAGO DEL ESTERO,49533
2021-08-01,TIERRA DEL FUEGO,118265
2021-08-01,TUCUMAN,51898
2021-09-01,BUENOS AIRES,81635
2021-09-01,CAPITAL FEDERAL,91016
2021-09-01,CATAMARCA,62474
2021-09-01,CHACO,66918
2021-09-01,CHUBUT,101581
2021-09-01,CORDOBA,76389
2021-09-01,CORRIENTES,68508
2021-09-01,ENTRE RIOS,73368
2021-09-01,FORMOSA,66903
2021-09-01,JUJUY,51071
2021-09-01,LA PAMPA,86767
2021-09-01,LA RIOJA,53694
2021-09-01,MENDOZA,63542
2021-09-01,MISIONES,72948
2021-09-01,NEUQUEN,108026
2021-09-01,RIO NEGRO,84180
2021-09-01,SALTA,76223
2021-09-01,SAN JUAN,74466
2021-09-01,SAN LUIS,74521
2021-09-01,SANTA CRUZ,136907
2021-09-01,SANTA FE,80904
2021-09-01,SANTIAGO DEL ESTERO,49708
2021-09-01,TIERRA DEL FUEGO,122693
2021-09-01,TUCUMAN,53024
2021-10-01,BUENOS AIRES,84701
2021-10-01,CAPITAL FEDERAL,93467
2021-10-01,CATAMARCA,66132
2021-10-01,CHACO,72566
2021-10-01,CHUBUT,103609
2021-10-01,CORDOBA,77806
2021-10-01,CORRIENTES,72395
2021-10-01,ENTRE RIOS,76787
2021-10-01,FORMOSA,71004
2021-10-01,JUJUY,53988
2021-10-01,LA PAMPA,88848
2021-10-01,LA RIOJA,55131
2021-10-01,MENDOZA,67067
2021-10-01,MISIONES,75623
2021-10-01,NEUQUEN,109811
2021-10-01,RIO NEGRO,86309
2021-10-01,SALTA,78488
2021-10-01,SAN JUAN,77666
2021-10-01,SAN LUIS,78062
2021-10-01,SANTA CRUZ,143360
2021-10-01,SANTA FE,83341
2021-10-01,SANTIAGO DEL ESTERO,49979
2021-10-01,TIERRA DEL FUEGO,129999
2021-10-01,TUCUMAN,55504
2021-11-01,BUENOS AIRES,88710
2021-11-01,CAPITAL FEDERAL,97324
2021-11-01,CATAMARCA,68855
2021-11-01,CHACO,74204
2021-11-01,CHUBUT,106317
2021-11-01,CORDOBA,82140
2021-11-01,CORRIENTES,75363
2021-11-01,ENTRE RIOS,79635
2021-11-01,FORMOSA,72383
2021-11-01,JUJUY,55303
2021-11-01,LA PAMPA,93303
2021-11-01,LA RIOJA,55719
2021-11-01,MENDOZA,69856
2021-11-01,MISIONES,77788
2021-11-01,NEUQUEN,113985
2021-11-01,RIO NEGRO,89049
2021-11-01,SALTA,81048
2021-11-01,SAN JUAN,80854
2021-11-01,SAN LUIS,79582
2021-11-01,SANTA CRUZ,143372
2021-11-01,SANTA FE,87463
2021-11-01,SANTIAGO DEL ESTERO,49717
2021-11-01,TIERRA DEL FUEGO,129754
2021-11-01,TUCUMAN,55926
2021-12-01,BUENOS AIRES,134046
2021-12-01,CAPITAL FEDERAL,145063
2021-12-01,CATAMARCA,103104
2021-12-01,CHACO,108635
2021-12-01,CHUBUT,144135
2021-12-01,CORDOBA,121226
2021-12-01,CORRIENTES,111553
2021-12-01,ENTRE RIOS,116616
2021-12-01,FORMOSA,102489
2021-12-01,JUJUY,78387
2021-12-01,LA PAMPA,137334
2021-12-01,LA RIOJA,81366
2021-12-01,MENDOZA,97649
2021-12-01,MISIONES,101943
2021-12-01,NEUQUEN,173478
2021-12-01,RIO NEGRO,130841
2021-12-01,SALTA,121752
2021-12-01,SAN JUAN,117632
2021-12-01,SAN LUIS,120000
2021-12-01,SANTA CRUZ,217620
2021-12-01,SANTA FE,128546
2021-12-01,SANTIAGO DEL ESTERO,71669
2021-12-01,TIERRA DEL FUEGO,174778
2021-12-01,TUCUMAN,82684
2022-01-01,BUENOS AIRES,94607
2022-01-01,CAPITAL FEDERAL,105980
2022-01-01,CATAMARCA,72091
2022-01-01,CHACO,79028
2022-01-01,CHUBUT,115675
2022-01-01,CORDOBA,88072
2022-01-01,CORRIENTES,79377
2022-01-01,ENTRE RIOS,87752
2022-01-01,FORMOSA,70208
2022-01-01,JUJUY,57035
2022-01-01,LA PAMPA,106395
2022-01-01,LA RIOJA,63904
2022-01-01,MENDOZA,72720
2022-01-01,MISIONES,81640
2022-01-01,NEUQUEN,123620
2022-01-01,RIO NEGRO,93101
2022-01-01,SALTA,86729
2022-01-01,SAN JUAN,87500
2022-01-01,SAN LUIS,85070
2022-01-01,SANTA CRUZ,158992
2022-01-01,SANTA FE,93852
2022-01-01,SANTIAGO DEL ESTERO,65524
2022-01-01,TIERRA DEL FUEGO,135028
2022-01-01,TUCUMAN,58827
2022-02-01,BUENOS AIRES,96311
2022-02-01,CAPITAL FEDERAL,107576
2022-02-01,CATAMARCA,72091
2022-02-01,CHACO,77978
2022-02-01,CHUBUT,120396
2022-02-01,CORDOBA,89363
2022-02-01,CORRIENTES,77529
2022-02-01,ENTRE RIOS,90322
2022-02-01,FORMOSA,75559
2022-02-01,JUJUY,57308
2022-02-01,LA PAMPA,103669
2022-02-01,LA RIOJA,63113
2022-02-01,MENDOZA,72529
2022-02-01,MISIONES,83183
2022-02-01,NEUQUEN,122636
2022-02-01,RIO NEGRO,99566
2022-02-01,SALTA,93175
2022-02-01,SAN JUAN,87971
2022-02-01,SAN LUIS,85150
2022-02-01,SANTA CRUZ,160042
2022-02-01,SANTA FE,95829
2022-02-01,SANTIAGO DEL ESTERO,66931
2022-02-01,TIERRA DEL FUEGO,138604
2022-02-01,TUCUMAN,59179
2022-03-01,BUENOS AIRES,103819
2022-03-01,CAPITAL FEDERAL,114787
2022-03-01,CATAMARCA,80407
2022-03-01,CHACO,87922
2022-03-01,CHUBUT,129847
2022-03-01,CORDOBA,100710
2022-03-01,CORRIENTES,88095
2022-03-01,ENTRE RIOS,96947
2022-03-01,FORMOSA,87923
2022-03-01,JUJUY,61086
2022-03-01,LA PAMPA,110378
2022-03-01,LA RIOJA,66702
2022-03-01,MENDOZA,81950
2022-03-01,MISIONES,88391
2022-03-01,NEUQUEN,141944
2022-03-01,RIO NEGRO,106267
2022-03-01,SALTA,98880
2022-03-01,SAN JUAN,97811
2022-03-01,SAN LUIS,96136
2022-03-01,SANTA CRUZ,172792
2022-03-01,SANTA FE,108224
2022-03-01,SANTIAGO DEL ESTERO,69750
2022-03-01,TIERRA DEL FUEGO,148877
2022-03-01,TUCUMAN,68136
2022-04-01,BUENOS AIRES,110220
2022-04-01,CAPITAL FEDERAL,120000
2022-04-01,CATAMARCA,81503
2022-04-01,CHACO,90000
2022-04-01,CHUBUT,150507
2022-04-01,CORDOBA,103711
2022-04-01,CORRIENTES,88401
2022-04-01,ENTRE RIOS,103294
2022-04-01,FORMOSA,88952
2022-04-01,JUJUY,64432
2022-04-01,LA PAMPA,115586
2022-04-01,LA RIOJA,73772
2022-04-01,MENDOZA,87469
2022-04-01,MISIONES,92570
2022-04-01,NEUQUEN,155427
2022-04-01,RIO NEGRO,111765
2022-04-01,SALTA,105766
2022-04-01,SAN JUAN,102164
2022-04-01,SAN LUIS,97851
2022-04-01,SANTA CRUZ,189814
2022-04-01,SANTA FE,111605
2022-04-01,SANTIAGO DEL ESTERO,70600
2022-04-01,TIERRA DEL FUEGO,153599
2022-04-01,TUCUMAN,68925
2022-05-01,BUENOS AIRES,118111
2022-05-01,CAPITAL FEDERAL,126850
2022-05-01,CATAMARCA,87618
2022-05-01,CHACO,99629
2022-05-01,CHUBUT,148707
2022-05-01,CORDOBA,110308
2022-05-01,CORRIENTES,94039
2022-05-01,ENTRE RIOS,110110
2022-05-01,FORMOSA,91044
2022-05-01,JUJUY,68486
2022-05-01,LA PAMPA,119491
2022-05-01,LA RIOJA,76389
2022-05-01,MENDOZA,91995
2022-05-01,MISIONES,98652
2022-05-01,NEUQUEN,162301
2022-05-01,RIO NEGRO,122617
2022-05-01,SALTA,109114
2022-05-01,SAN JUAN,108693
2022-05-01,SAN LUIS,102417
2022-05-01,SANTA CRUZ,207034
2022-05-01,SANTA FE,119481
2022-05-01,SANTIAGO DEL ESTERO,72088
2022-05-01,TIERRA DEL FUEGO,159637
2022-05-01,TUCUMAN,72965
2022-06-01,BUENOS AIRES,174817
2022-06-01,CAPITAL FEDERAL,191824
2022-06-01,CATAMARCA,134349
2022-06-01,CHACO,139212
2022-06-01,CHUBUT,196539
2022-06-01,CORDOBA,166533
2022-06-01,CORRIENTES,138002
2022-06-01,ENTRE RIOS,158230
2022-06-01,FORMOSA,140570
2022-06-01,JUJUY,100499
2022-06-01,LA PAMPA,179324
2022-06-01,LA RIOJA,120745
2022-06-01,MENDOZA,131227
2022-06-01,MISIONES,131159
2022-06-01,NEUQUEN,200976
2022-06-01,RIO NEGRO,184303
2022-06-01,SALTA,169241
2022-06-01,SAN JUAN,183621
2022-06-01,SAN LUIS,159804
2022-06-01,SANTA CRUZ,304683
2022-06-01,SANTA FE,174244
2022-06-01,SANTIAGO DEL ESTERO,105106
2022-06-01,TIERRA DEL FUEGO,229835
2022-06-01,TUCUMAN,105351
2022-07-01,BUENOS AIRES,127581
2022-07-01,CAPITAL FEDERAL,140591
2022-07-01,CATAMARCA,100428
2022-07-01,CHACO,109967
2022-07-01,CHUBUT,164833
2022-07-01,CORDOBA,118821
2022-07-01,CORRIENTES,103732
2022-07-01,ENTRE RIOS,116532
2022-07-01,FORMOSA,104176
2022-07-01,JUJUY,78694
2022-07-01,LA PAMPA,133454
2022-07-01,LA RIOJA,86742
2022-07-01,MENDOZA,99490
2022-07-01,MISIONES,109516
2022-07-01,NEUQUEN,184703
2022-07-01,RIO NEGRO,132965
2022-07-01,SALTA,123284
2022-07-01,SAN JUAN,129463
2022-07-01,SAN LUIS,117771
2022-07-01,SANTA CRUZ,227933
2022-07-01,SANTA FE,124902
2022-07-01,SANTIAGO DEL ESTERO,74865
2022-07-01,TIERRA DEL FUEGO,191567
2022-07-01,TUCUMAN,79662
2022-08-01,BUENOS AIRES,136897
2022-08-01,CAPITAL FEDERAL,151004
2022-08-01,CATAMARCA,103944
2022-08-01,CHACO,119244
2022-08-01,CHUBUT,176988
2022-08-01,CORDOBA,130062
2022-08-01,CORRIENTES,123120
2022-08-01,ENTRE RIOS,132527
2022-08-01,FORMOSA,113327
2022-08-01,JUJUY,86301
2022-08-01,LA PAMPA,146740
2022-08-01,LA RIOJA,89925
2022-08-01,MENDOZA,108804
2022-08-01,MISIONES,119522
2022-08-01,NEUQUEN,193452
2022-08-01,RIO NEGRO,147869
2022-08-01,SALTA,133648
2022-08-01,SAN JUAN,136777
2022-08-01,SAN LUIS,125842
2022-08-01,SANTA CRUZ,237575
2022-08-01,SANTA FE,137482
2022-08-01,SANTIAGO DEL ESTERO,78621
2022-08-01,TIERRA DEL FUEGO,197880
2022-08-01,TUCUMAN,84237
2022-09-01,BUENOS AIRES,148279
2022-09-01,CAPITAL FEDERAL,160904
2022-09-01,CATAMARCA,114390
2022-09-01,CHACO,126431
2022-09-01,CHUBUT,182461
2022-09-01,CORDOBA,140918
2022-09-01,CORRIENTES,123751
2022-09-01,ENTRE RIOS,141745
2022-09-01,FORMOSA,119924
2022-09-01,JUJUY,88201
2022-09-01,LA PAMPA,154418
2022-09-01,LA RIOJA,98384
2022-09-01,MENDOZA,115792
2022-09-01,MISIONES,123891
2022-09-01,NEUQUEN,199437
2022-09-01,RIO NEGRO,154820
2022-09-01,SALTA,143000
2022-09-01,SAN JUAN,144309
2022-09-01,SAN LUIS,132325
2022-09-01,SANTA CRUZ,240921
2022-09-01,SANTA FE,144729
2022-09-01,SANTIAGO DEL ESTERO,96129
2022-09-01,TIERRA DEL FUEGO,206666
2022-09-01,TUCUMAN,87575
2022-10-01,BUENOS AIRES,153206
2022-10-01,CAPITAL FEDERAL,168360
2022-10-01,CATAMARCA,122115
2022-10-01,CHACO,138585
2022-10-01,CHUBUT,189699
2022-10-01,CORDOBA,141738
2022-10-01,CORRIENTES,124499
2022-10-01,ENTRE RIOS,145270
2022-10-01,FORMOSA,131114
2022-10-01,JUJUY,95952
2022-10-01,LA PAMPA,161492
2022-10-01,LA RIOJA,100548
2022-10-01,MENDOZA,122156
2022-10-01,MISIONES,134793
2022-10-01,NEUQUEN,224365
2022-10-01,RIO NEGRO,159363
2022-10-01,SALTA,149055
2022-10-01,SAN JUAN,150896
2022-10-01,SAN LUIS,141549
2022-10-01,SANTA CRUZ,250118
2022-10-01,SANTA FE,156162
2022-10-01,SANTIAGO DEL ESTERO,98906
2022-10-01,TIERRA DEL FUEGO,223893
2022-10-01,TUCUMAN,94315
2022-11-01,BUENOS AIRES,164483
2022-11-01,CAPITAL FEDERAL,182879
2022-11-01,CATAMARCA,131441
2022-11-01,CHACO,145304
2022-11-01,CHUBUT,206186
2022-11-01,CORDOBA,155921
2022-11-01,CORRIENTES,142290
2022-11-01,ENTRE RIOS,159632
2022-11-01,FORMOSA,139760
2022-11-01,JUJUY,104383
2022-11-01,LA PAMPA,159463
2022-11-01,LA RIOJA,103959
2022-11-01,MENDOZA,127852
2022-11-01,MISIONES,146499
2022-11-01,NEUQUEN,236448
2022-11-01,RIO NEGRO,169852
2022-11-01,SALTA,158533
2022-11-01,SAN JUAN,159932
2022-11-01,SAN LUIS,150400
2022-11-01,SANTA CRUZ,277757
2022-11-01,SANTA FE,163897
2022-11-01,SANTIAGO DEL ESTERO,100121
2022-11-01,TIERRA DEL FUEGO,244853
2022-11-01,TUCUMAN,95523
2022-12-01,BUENOS AIRES,259055
2022-12-01,CAPITAL FEDERAL,293244
2022-12-01,CATAMARCA,207963
2022-12-01,CHACO,226467
2022-12-01,CHUBUT,283028
2022-12-01,CORDOBA,250491
2022-12-01,CORRIENTES,223341
2022-12-01,ENTRE RIOS,244926
2022-12-01,FORMOSA,228363
2022-12-01,JUJUY,154926
2022-12-01,LA PAMPA,276818
2022-12-01,LA RIOJA,157124
2022-12-01,MENDOZA,196851
2022-12-01,MISIONES,201430
2022-12-01,NEUQUEN,351090
2022-12-01,RIO NEGRO,258720
2022-12-01,SALTA,249761
2022-12-01,SAN JUAN,248946
2022-12-01,SAN LUIS,237648
2022-12-01,SANTA CRUZ,411438
2022-12-01,SANTA FE,261295
2022-12-01,SANTIAGO DEL ESTERO,146939
2022-12-01,TIERRA DEL FUEGO,347703
2022-12-01,TUCUMAN,146217
2023-01-01,BUENOS AIRES,183881
2023-01-01,CAPITAL FEDERAL,207901
2023-01-01,CATAMARCA,144876
2023-01-01,CHACO,159896
2023-01-01,CHUBUT,227859
2023-01-01,CORDOBA,173193
2023-01-01,CORRIENTES,153172
2023-01-01,ENTRE RIOS,171251
2023-01-01,FORMOSA,154910
2023-01-01,JUJUY,109583
2023-01-01,LA PAMPA,208000
2023-01-01,LA RIOJA,117295
2023-01-01,MENDOZA,146729
2023-01-01,MISIONES,163985
2023-01-01,NEUQUEN,272380
2023-01-01,RIO NEGRO,183606
2023-01-01,SALTA,175766
2023-01-01,SAN JUAN,182013
2023-01-01,SAN LUIS,166646
2023-01-01,SANTA CRUZ,302895
2023-01-01,SANTA FE,189732
2023-01-01,SANTIAGO DEL ESTERO,103030
2023-01-01,TIERRA DEL FUEGO,263950
2023-01-01,TUCUMAN,104614
2023-02-01,BUENOS AIRES,189241
2023-02-01,CAPITAL FEDERAL,215932
2023-02-01,CATAMARCA,149753
2023-02-01,CHACO,163866
2023-02-01,CHUBUT,243898
2023-02-01,CORDOBA,180654
2023-02-01,CORRIENTES,154408
2023-02-01,ENTRE RIOS,176084
2023-02-01,FORMOSA,156940
2023-02-01,JUJUY,115871
2023-02-01,LA PAMPA,203904
2023-02-01,LA RIOJA,115994
2023-02-01,MENDOZA,151739
2023-02-01,MISIONES,174691
2023-02-01,NEUQUEN,284641
2023-02-01,RIO NEGRO,201973
2023-02-01,SALTA,193731
2023-02-01,SAN JUAN,188761
2023-02-01,SAN LUIS,174109
2023-02-01,SANTA CRUZ,291509
2023-02-01,SANTA FE,193385
2023-02-01,SANTIAGO DEL ESTERO,143919
2023-02-01,TIERRA DEL FUEGO,281790
2023-02-01,TUCUMAN,112570
2023-03-01,BUENOS AIRES,209865
2023-03-01,CAPITAL FEDERAL,235028
2023-03-01,CATAMARCA,165776
2023-03-01,CHACO,188972
2023-03-01,CHUBUT,266865
2023-03-01,CORDOBA,202674
2023-03-01,CORRIENTES,184055
2023-03-01,ENTRE RIOS,210051
2023-03-01,FORMOSA,188371
2023-03-01,JUJUY,126515
2023-03-01,LA PAMPA,227416
2023-03-01,LA RIOJA,120093
2023-03-01,MENDOZA,165776
2023-03-01,MISIONES,191274
2023-03-01,NEUQUEN,300632
2023-03-01,RIO NEGRO,222475
2023-03-01,SALTA,215496
2023-03-01,SAN JUAN,215351
2023-03-01,SAN LUIS,198448
2023-03-01,SANTA CRUZ,324384
2023-03-01,SANTA FE,219595
2023-03-01,SANTIAGO DEL ESTERO,152044
2023-03-01,TIERRA DEL FUEGO,322780
2023-03-01,TUCUMAN,119222
2023-04-01,BUENOS AIRES,227589
2023-04-01,CAPITAL FEDERAL,249719
2023-04-01,CATAMARCA,176727
2023-04-01,CHACO,197994
2023-04-01,CHUBUT,283697
2023-04-01,CORDOBA,226588
2023-04-01,CORRIENTES,206850
2023-04-01,ENTRE RIOS,222054
2023-04-01,FORMOSA,195874
2023-04-01,JUJUY,133857
2023-04-01,LA PAMPA,243299
2023-04-01,LA RIOJA,177532
2023-04-01,MENDOZA,181637
2023-04-01,MISIONES,204469
2023-04-01,NEUQUEN,335688
2023-04-01,RIO NEGRO,258308
2023-04-01,SALTA,231128
2023-04-01,SAN JUAN,201969
2023-04-01,SAN LUIS,206591
2023-04-01,SANTA CRUZ,354398
2023-04-01,SANTA FE,231939
2023-04-01,SANTIAGO DEL ESTERO,154703
2023-04-01,TIERRA DEL FUEGO,343946
2023-04-01,TUCUMAN,129151
2023-05-01,BUENOS AIRES,250066
2023-05-01,CAPITAL FEDERAL,271672
2023-05-01,CATAMARCA,204037
2023-05-01,CHACO,217080
2023-05-01,CHUBUT,304018
2023-05-01,CORDOBA,245948
2023-05-01,CORRIENTES,226023
2023-05-01,ENTRE RIOS,239079
2023-05-01,FORMOSA,240054
2023-05-01,JUJUY,141381
2023-05-01,LA PAMPA,253484
2023-05-01,LA RIOJA,192832
2023-05-01,MENDOZA,196824
2023-05-01,MISIONES,220384
2023-05-01,NEUQUEN,366006
2023-05-01,RIO NEGRO,269115
2023-05-01,SALTA,251503
2023-05-01,SAN JUAN,224747
2023-05-01,SAN LUIS,237267
2023-05-01,SANTA CRUZ,395637
2023-05-01,SANTA FE,251703
2023-05-01,SANTIAGO DEL ESTERO,162406
2023-05-01,TIERRA DEL FUEGO,392095
2023-05-01,TUCUMAN,141455
2023-06-01,BUENOS AIRES,374780
2023-06-01,CAPITAL FEDERAL,420227
2023-06-01,CATAMARCA,309091
2023-06-01,CHACO,327016
2023-06-01,CHUBUT,423861
2023-06-01,CORDOBA,367345
2023-06-01,CORRIENTES,332585
2023-06-01,ENTRE RIOS,352510
2023-06-01,FORMOSA,337026
2023-06-01,JUJUY,246385
2023-06-01,LA PAMPA,388494
2023-06-01,LA RIOJA,217242
2023-06-01,MENDOZA,287587
2023-06-01,MISIONES,285329
2023-06-01,NEUQUEN,525935
2023-06-01,RIO NEGRO,406936
2023-06-01,SALTA,398196
2023-06-01,SAN JUAN,369965
2023-06-01,SAN LUIS,355969
2023-06-01,SANTA CRUZ,543108
2023-06-01,SANTA FE,379686
2023-06-01,SANTIAGO DEL ESTERO,239887
2023-06-01,TIERRA DEL FUEGO,523447
2023-06-01,TUCUMAN,211345
2023-07-01,BUENOS AIRES,291078
2023-07-01,CAPITAL FEDERAL,318709
2023-07-01,CATAMARCA,232211
2023-07-01,CHACO,252884
2023-07-01,CHUBUT,354982
2023-07-01,CORDOBA,274781
2023-07-01,CORRIENTES,260000
2023-07-01,ENTRE RIOS,284179
2023-07-01,FORMOSA,257288
2023-07-01,JUJUY,185370
2023-07-01,LA PAMPA,297064
2023-07-01,LA RIOJA,158755
2023-07-01,MENDOZA,224076
2023-07-01,MISIONES,251877
2023-07-01,NEUQUEN,436666
2023-07-01,RIO NEGRO,312712
2023-07-01,SALTA,292984
2023-07-01,SAN JUAN,276631
2023-07-01,SAN LUIS,264201
2023-07-01,SANTA CRUZ,488453
2023-07-01,SANTA FE,287616
2023-07-01,SANTIAGO DEL ESTERO,177062
2023-07-01,TIERRA DEL FUEGO,412821
2023-07-01,TUCUMAN,161249
2023-08-01,BUENOS AIRES,324059
2023-08-01,CAPITAL FEDERAL,356976
2023-08-01,CATAMARCA,256208
2023-08-01,CHACO,279813
2023-08-01,CHUBUT,390893
2023-08-01,CORDOBA,313977
2023-08-01,CORRIENTES,274451
2023-08-01,ENTRE RIOS,314029
2023-08-01,FORMOSA,273730
2023-08-01,JUJUY,201466
2023-08-01,LA PAMPA,330565
2023-08-01,LA RIOJA,180832
2023-08-01,MENDOZA,258258
2023-08-01,MISIONES,282189
2023-08-01,NEUQUEN,468852
2023-08-01,RIO NEGRO,349650
2023-08-01,SALTA,326132
2023-08-01,SAN JUAN,313052
2023-08-01,SAN LUIS,299848
2023-08-01,SANTA CRUZ,515112
2023-08-01,SANTA FE,333631
2023-08-01,SANTIAGO DEL ESTERO,184792
2023-08-01,TIERRA DEL FUEGO,474468
2023-08-01,TUCUMAN,185385
2023-09-01,BUENOS AIRES,363401
2023-09-01,CAPITAL FEDERAL,400000
2023-09-01,CATAMARCA,284420
2023-09-01,CHACO,301918
2023-09-01,CHUBUT,426855
2023-09-01,CORDOBA,359186
2023-09-01,CORRIENTES,311048
2023-09-01,ENTRE RIOS,350781
2023-09-01,FORMOSA,310609
2023-09-01,JUJUY,213707
2023-09-01,LA PAMPA,371211
2023-09-01,LA RIOJA,189067
2023-09-01,MENDOZA,280954
2023-09-01,MISIONES,299361
2023-09-01,NEUQUEN,488044
2023-09-01,RIO NEGRO,381805
2023-09-01,SALTA,364094
2023-09-01,SAN JUAN,342982
2023-09-01,SAN LUIS,365516
2023-09-01,SANTA CRUZ,563409
2023-09-01,SANTA FE,358076
2023-09-01,SANTIAGO DEL ESTERO,239059
2023-09-01,TIERRA DEL FUEGO,513986
2023-09-01,TUCUMAN,209614
2023-10-01,BUENOS AIRES,379520
2023-10-01,CAPITAL FEDERAL,426792
2023-10-01,CATAMARCA,292859
2023-10-01,CHACO,337397
2023-10-01,CHUBUT,461521
2023-10-01,CORDOBA,371832
2023-10-01,CORRIENTES,317357
2023-10-01,ENTRE RIOS,368888
2023-10-01,FORMOSA,319197
2023-10-01,JUJUY,218124
2023-10-01,LA PAMPA,393482
2023-10-01,LA RIOJA,191840
2023-10-01,MENDOZA,286763
2023-10-01,MISIONES,347345
2023-10-01,NEUQUEN,575760
2023-10-01,RIO NEGRO,419810
2023-10-01,SALTA,401872
2023-10-01,SAN JUAN,384559
2023-10-01,SAN LUIS,396214
2023-10-01,SANTA CRUZ,602653
2023-10-01,SANTA FE,378748
2023-10-01,SANTIAGO DEL ESTERO,236402
2023-10-01,TIERRA DEL FUEGO,537799
2023-10-01,TUCUMAN,226621
2023-11-01,BUENOS AIRES,419605
2023-11-01,CAPITAL FEDERAL,470700
2023-11-01,CATAMARCA,316201
2023-11-01,CHACO,357069
2023-11-01,CHUBUT,500000
2023-11-01,CORDOBA,410147
2023-11-01,CORRIENTES,363003
2023-11-01,ENTRE RIOS,394963
2023-11-01,FORMOSA,336058
2023-11-01,JUJUY,229488
2023-11-01,LA PAMPA,426168
2023-11-01,LA RIOJA,201227
2023-11-01,MENDOZA,311223
2023-11-01,MISIONES,363205
2023-11-01,NEUQUEN,628533
2023-11-01,RIO NEGRO,454010
2023-11-01,SALTA,420980
2023-11-01,SAN JUAN,424935
2023-11-01,SAN LUIS,429033
2023-11-01,SANTA CRUZ,705742
2023-11-01,SANTA FE,430625
2023-11-01,SANTIAGO DEL ESTERO,241202
2023-11-01,TIERRA DEL FUEGO,600605
2023-11-01,TUCUMAN,245116
